Fri Oct  8 00:00:29 2021, 0, 2106, 0, 6, 0, 0, 7, 0, 0, 0, 0
Fri Oct  8 00:01:29 2021, 0, 2106, 0, 6, 0, 0, 7, 0, 0, 0, 0
Fri Oct  8 00:02:30 2021, 0, 2106, 0, 6, 0, 0, 7, 0, 0, 0, 0
Fri Oct  8 00:03:31 2021, 0, 2106, 0, 6, 0, 0, 7, 0, 0, 0, 0
Fri Oct  8 00:04:32 2021, 0, 2106, 0, 6, 0, 0, 7, 0, 0, 0, 0
Fri Oct  8 00:05:33 2021, 0, 2106, 0, 6, 0, 0, 7, 0, 0, 0, 0
Fri Oct  8 00:06:33 2021, 0, 2106, 0, 6, 0, 0, 7, 0, 0, 0, 0
Fri Oct  8 00:07:34 2021, 0, 2106, 0, 6, 0, 0, 7, 0, 0, 0, 0
Fri Oct  8 00:08:35 2021, 0, 2106, 0, 6, 0, 0, 7, 0, 0, 0, 0
Fri Oct  8 00:09:36 2021, 0, 2106, 0, 6, 0, 0, 7, 0, 0, 0, 0
Fri Oct  8 00:10:37 2021, 0, 2106, 0, 6, 0, 0, 7, 0, 0, 0, 0
Fri Oct  8 00:11:37 2021, 0, 2106, 0, 6, 0, 0, 7, 0, 0, 0, 0
Fri Oct  8 00:12:38 2021, 0, 2106, 0, 6, 0, 0, 7, 0, 0, 0, 0
Fri Oct  8 00:13:39 2021, 0, 2106, 0, 6, 0, 0, 7, 0, 0, 0, 0
Fri Oct  8 00:14:40 2021, 0, 2106, 0, 6, 0, 0, 7, 0, 0, 0, 0
Fri Oct  8 00:15:41 2021, 0, 2106, 0, 6, 0, 0, 7, 0, 0, 0, 0
Fri Oct  8 00:16:41 2021, 0, 2106, 0, 6, 0, 0, 7, 0, 0, 0, 0
Fri Oct  8 00:17:42 2021, 0, 2106, 0, 6, 0, 0, 7, 0, 0, 0, 0
Fri Oct  8 00:18:43 2021, 0, 2106, 0, 6, 0, 0, 7, 0, 0, 0, 0
Fri Oct  8 00:19:44 2021, 0, 2106, 0, 6, 0, 0, 7, 0, 0, 0, 0
Fri Oct  8 00:20:45 2021, 0, 2106, 0, 6, 0, 0, 7, 0, 0, 0, 0
Fri Oct  8 00:21:45 2021, 0, 2106, 0, 6, 0, 0, 7, 0, 0, 0, 0
Fri Oct  8 00:22:46 2021, 0, 2106, 0, 6, 0, 0, 7, 0, 0, 0, 0
Fri Oct  8 00:23:47 2021, 0, 2106, 0, 6, 0, 0, 7, 0, 0, 0, 0
Fri Oct  8 00:24:48 2021, 0, 2106, 0, 6, 0, 0, 7, 0, 0, 0, 0
Fri Oct  8 00:25:49 2021, 0, 2106, 0, 6, 0, 0, 7, 0, 0, 0, 0
Fri Oct  8 00:26:49 2021, 0, 2106, 0, 6, 0, 0, 7, 0, 0, 0, 0
Fri Oct  8 00:27:50 2021, 0, 2106, 0, 6, 0, 0, 7, 0, 0, 0, 0
Fri Oct  8 00:28:51 2021, 0, 2106, 0, 6, 0, 0, 7, 0, 0, 0, 0
Fri Oct  8 00:29:52 2021, 0, 2106, 0, 6, 0, 0, 7, 0, 0, 0, 0
Fri Oct  8 00:30:53 2021, 0, 2106, 0, 6, 0, 0, 7, 0, 0, 0, 0
Fri Oct  8 00:31:53 2021, 0, 2106, 0, 6, 0, 0, 7, 0, 0, 0, 0
Fri Oct  8 00:32:54 2021, 0, 2106, 0, 6, 0, 0, 7, 0, 0, 0, 0
Fri Oct  8 00:33:55 2021, 0, 2106, 0, 6, 0, 0, 7, 0, 0, 0, 0
Fri Oct  8 00:34:56 2021, 0, 2106, 0, 6, 0, 0, 7, 0, 0, 0, 0
Fri Oct  8 00:35:57 2021, 0, 2106, 0, 6, 0, 0, 7, 0, 0, 0, 0
Fri Oct  8 00:36:57 2021, 0, 2106, 0, 6, 0, 0, 7, 0, 0, 0, 0
Fri Oct  8 00:37:58 2021, 0, 2106, 0, 6, 0, 0, 7, 0, 0, 0, 0
Fri Oct  8 00:38:59 2021, 0, 2106, 0, 6, 0, 0, 7, 0, 0, 0, 0
Fri Oct  8 00:40:00 2021, 0, 2106, 0, 6, 0, 0, 7, 0, 0, 0, 0
Fri Oct  8 00:41:01 2021, 0, 2106, 0, 6, 0, 0, 7, 0, 0, 0, 0
Fri Oct  8 00:42:01 2021, 0, 2106, 0, 6, 0, 0, 7, 0, 0, 0, 0
Fri Oct  8 00:43:02 2021, 0, 2106, 0, 6, 0, 0, 7, 0, 0, 0, 0
Fri Oct  8 00:44:03 2021, 0, 2106, 0, 6, 0, 0, 7, 0, 0, 0, 0
Fri Oct  8 00:45:04 2021, 0, 2106, 0, 6, 0, 0, 7, 0, 0, 0, 0
Fri Oct  8 00:46:05 2021, 0, 2106, 0, 6, 0, 0, 7, 0, 0, 0, 0
Fri Oct  8 00:47:05 2021, 0, 2106, 0, 6, 0, 0, 7, 0, 0, 0, 0
Fri Oct  8 00:48:06 2021, 0, 2106, 0, 6, 0, 0, 7, 0, 0, 0, 0
Fri Oct  8 00:49:07 2021, 0, 2106, 0, 6, 0, 0, 7, 0, 0, 0, 0
Fri Oct  8 00:50:08 2021, 0, 2106, 0, 6, 0, 0, 7, 0, 0, 0, 0
Fri Oct  8 00:51:09 2021, 0, 2106, 0, 6, 0, 0, 7, 0, 0, 0, 0
Fri Oct  8 00:52:10 2021, 0, 2106, 0, 6, 0, 0, 7, 0, 0, 0, 0
Fri Oct  8 00:53:10 2021, 0, 2106, 0, 6, 0, 0, 7, 0, 0, 0, 0
Fri Oct  8 00:54:11 2021, 0, 2106, 0, 6, 0, 0, 7, 0, 0, 0, 0
Fri Oct  8 00:55:12 2021, 0, 2106, 0, 6, 0, 0, 7, 0, 0, 0, 0
Fri Oct  8 00:56:13 2021, 0, 2106, 0, 6, 0, 0, 7, 0, 0, 0, 0
Fri Oct  8 00:57:14 2021, 0, 2106, 0, 6, 0, 0, 7, 0, 0, 0, 0
Fri Oct  8 00:58:14 2021, 0, 2106, 0, 6, 0, 0, 7, 0, 0, 0, 0
Fri Oct  8 00:59:15 2021, 0, 2106, 0, 6, 0, 0, 7, 0, 0, 0, 0
Fri Oct  8 01:00:16 2021, 0, 2106, 0, 6, 0, 0, 7, 0, 0, 0, 0
Fri Oct  8 01:01:17 2021, 0, 2106, 0, 6, 0, 0, 7, 0, 0, 0, 0
Fri Oct  8 01:02:17 2021, 0, 2106, 0, 6, 0, 0, 7, 0, 0, 0, 0
Fri Oct  8 01:03:18 2021, 0, 2106, 0, 6, 0, 0, 7, 0, 0, 0, 0
Fri Oct  8 01:04:19 2021, 0, 2106, 0, 6, 0, 0, 7, 0, 0, 0, 0
Fri Oct  8 01:05:20 2021, 0, 2106, 0, 6, 0, 0, 7, 0, 0, 0, 0
Fri Oct  8 01:06:21 2021, 0, 2106, 0, 6, 0, 0, 7, 0, 0, 0, 0
Fri Oct  8 01:07:21 2021, 0, 2106, 0, 6, 0, 0, 7, 0, 0, 0, 0
Fri Oct  8 01:08:22 2021, 0, 2106, 0, 6, 0, 0, 7, 0, 0, 0, 0
Fri Oct  8 01:09:23 2021, 0, 2106, 0, 6, 0, 0, 7, 0, 0, 0, 0
Fri Oct  8 01:10:24 2021, 0, 2106, 0, 6, 0, 0, 7, 0, 0, 0, 0
Fri Oct  8 01:11:25 2021, 0, 2106, 0, 6, 0, 0, 7, 0, 0, 0, 0
Fri Oct  8 01:12:25 2021, 0, 2106, 0, 6, 0, 0, 7, 0, 0, 0, 0
Fri Oct  8 01:13:26 2021, 0, 2106, 0, 6, 0, 0, 7, 0, 0, 0, 0
Fri Oct  8 01:14:27 2021, 0, 2106, 0, 6, 0, 0, 7, 0, 0, 0, 0
Fri Oct  8 01:15:28 2021, 0, 2106, 0, 6, 0, 0, 7, 0, 0, 0, 0
Fri Oct  8 01:16:29 2021, 0, 2106, 0, 6, 0, 0, 7, 0, 0, 0, 0
Fri Oct  8 01:17:29 2021, 0, 2106, 0, 6, 0, 0, 7, 0, 0, 0, 0
Fri Oct  8 01:18:30 2021, 0, 2106, 0, 6, 0, 0, 7, 0, 0, 0, 0
Fri Oct  8 01:19:31 2021, 0, 2106, 0, 6, 0, 0, 7, 0, 0, 0, 0
Fri Oct  8 01:20:32 2021, 0, 2106, 0, 6, 0, 0, 7, 0, 0, 0, 0
Fri Oct  8 01:21:33 2021, 0, 2106, 0, 6, 0, 0, 7, 0, 0, 0, 0
Fri Oct  8 01:22:33 2021, 0, 2106, 0, 6, 0, 0, 7, 0, 0, 0, 0
Fri Oct  8 01:23:34 2021, 0, 2106, 0, 6, 0, 0, 7, 0, 0, 0, 0
Fri Oct  8 01:24:35 2021, 0, 2106, 0, 6, 0, 0, 7, 0, 0, 0, 0
Fri Oct  8 01:25:36 2021, 0, 2106, 0, 6, 0, 0, 7, 0, 0, 0, 0
Fri Oct  8 01:26:37 2021, 0, 2106, 0, 6, 0, 0, 7, 0, 0, 0, 0
Fri Oct  8 01:27:37 2021, 0, 2106, 0, 6, 0, 0, 7, 0, 0, 0, 0
Fri Oct  8 01:28:38 2021, 0, 2106, 0, 6, 0, 0, 7, 0, 0, 0, 0
Fri Oct  8 01:29:39 2021, 0, 2106, 0, 6, 0, 0, 7, 0, 0, 0, 0
Fri Oct  8 01:30:40 2021, 0, 2106, 0, 6, 0, 0, 7, 0, 0, 0, 0
Fri Oct  8 01:31:41 2021, 0, 2106, 0, 6, 0, 0, 7, 0, 0, 0, 0
Fri Oct  8 01:32:41 2021, 0, 2106, 0, 6, 0, 0, 7, 0, 0, 0, 0
Fri Oct  8 01:33:42 2021, 0, 2106, 0, 6, 0, 0, 7, 0, 0, 0, 0
Fri Oct  8 01:34:43 2021, 0, 2106, 0, 6, 0, 0, 7, 0, 0, 0, 0
Fri Oct  8 01:35:44 2021, 0, 2106, 0, 6, 0, 0, 7, 0, 0, 0, 0
Fri Oct  8 01:36:45 2021, 0, 2106, 0, 6, 0, 0, 7, 0, 0, 0, 0
Fri Oct  8 01:37:45 2021, 0, 2106, 0, 6, 0, 0, 7, 0, 0, 0, 0
Fri Oct  8 01:38:46 2021, 0, 2106, 0, 6, 0, 0, 7, 0, 0, 0, 0
Fri Oct  8 01:39:47 2021, 0, 2106, 0, 6, 0, 0, 7, 0, 0, 0, 0
Fri Oct  8 01:40:48 2021, 0, 2106, 0, 6, 0, 0, 7, 0, 0, 0, 0
Fri Oct  8 01:41:49 2021, 0, 2106, 0, 6, 0, 0, 7, 0, 0, 0, 0
Fri Oct  8 01:42:49 2021, 0, 2106, 0, 6, 0, 0, 7, 0, 0, 0, 0
Fri Oct  8 01:43:50 2021, 0, 2106, 0, 6, 0, 0, 7, 0, 0, 0, 0
Fri Oct  8 01:44:51 2021, 0, 2106, 0, 6, 0, 0, 7, 0, 0, 0, 0
Fri Oct  8 01:45:52 2021, 0, 2106, 0, 6, 0, 0, 7, 0, 0, 0, 0
Fri Oct  8 01:46:53 2021, 0, 2106, 0, 6, 0, 0, 7, 0, 0, 0, 0
Fri Oct  8 01:47:53 2021, 0, 2106, 0, 6, 0, 0, 7, 0, 0, 0, 0
Fri Oct  8 01:48:54 2021, 0, 2106, 0, 6, 0, 0, 7, 0, 0, 0, 0
Fri Oct  8 01:49:55 2021, 0, 2106, 0, 6, 0, 0, 7, 0, 0, 0, 0
Fri Oct  8 01:50:56 2021, 0, 2106, 0, 6, 0, 0, 7, 0, 0, 0, 0
Fri Oct  8 01:51:57 2021, 0, 2106, 0, 6, 0, 0, 7, 0, 0, 0, 0
Fri Oct  8 01:52:57 2021, 0, 2106, 0, 6, 0, 0, 7, 0, 0, 0, 0
Fri Oct  8 01:53:58 2021, 0, 2106, 0, 6, 0, 0, 7, 0, 0, 0, 0
Fri Oct  8 01:54:59 2021, 0, 2106, 0, 6, 0, 0, 7, 0, 0, 0, 0
Fri Oct  8 01:56:00 2021, 0, 2106, 0, 6, 0, 0, 7, 0, 0, 0, 0
Fri Oct  8 01:57:01 2021, 0, 2106, 0, 6, 0, 0, 7, 0, 0, 0, 0
Fri Oct  8 01:58:01 2021, 0, 2106, 0, 6, 0, 0, 7, 0, 0, 0, 0
Fri Oct  8 01:59:02 2021, 0, 2106, 0, 6, 0, 0, 7, 0, 0, 0, 0
Fri Oct  8 02:00:03 2021, 0, 2106, 0, 6, 0, 0, 7, 0, 0, 0, 0
Fri Oct  8 02:01:04 2021, 0, 2106, 0, 6, 0, 0, 7, 0, 0, 0, 0
Fri Oct  8 02:02:05 2021, 0, 2106, 0, 6, 0, 0, 7, 0, 0, 0, 0
Fri Oct  8 02:03:05 2021, 0, 2106, 0, 6, 0, 0, 7, 0, 0, 0, 0
Fri Oct  8 02:04:06 2021, 0, 2106, 0, 6, 0, 0, 7, 0, 0, 0, 0
Fri Oct  8 02:05:07 2021, 0, 2106, 0, 6, 0, 0, 7, 0, 0, 0, 0
Fri Oct  8 02:06:08 2021, 0, 2106, 0, 6, 0, 0, 7, 0, 0, 0, 0
Fri Oct  8 02:07:09 2021, 0, 2106, 0, 6, 0, 0, 7, 0, 0, 0, 0
Fri Oct  8 02:08:09 2021, 0, 2106, 0, 6, 0, 0, 7, 0, 0, 0, 0
Fri Oct  8 02:09:10 2021, 0, 2106, 0, 6, 0, 0, 7, 0, 0, 0, 0
Fri Oct  8 02:10:11 2021, 0, 2106, 0, 6, 0, 0, 7, 0, 0, 0, 0
Fri Oct  8 02:11:12 2021, 0, 2106, 0, 6, 0, 0, 7, 0, 0, 0, 0
Fri Oct  8 02:12:13 2021, 0, 2106, 0, 6, 0, 0, 7, 0, 0, 0, 0
Fri Oct  8 02:13:13 2021, 0, 2106, 0, 6, 0, 0, 7, 0, 0, 0, 0
Fri Oct  8 02:14:14 2021, 0, 2106, 0, 6, 0, 0, 7, 0, 0, 0, 0
Fri Oct  8 02:15:15 2021, 0, 2106, 0, 6, 0, 0, 7, 0, 0, 0, 0
Fri Oct  8 02:16:16 2021, 0, 2106, 0, 6, 0, 0, 7, 0, 0, 0, 0
Fri Oct  8 02:17:17 2021, 0, 2106, 0, 6, 0, 0, 7, 0, 0, 0, 0
Fri Oct  8 02:18:17 2021, 0, 2106, 0, 6, 0, 0, 7, 0, 0, 0, 0
Fri Oct  8 02:19:18 2021, 0, 2106, 0, 6, 0, 0, 7, 0, 0, 0, 0
Fri Oct  8 02:20:19 2021, 0, 2106, 0, 6, 0, 0, 7, 0, 0, 0, 0
Fri Oct  8 02:21:20 2021, 0, 2106, 0, 6, 0, 0, 7, 0, 0, 0, 0
Fri Oct  8 02:22:21 2021, 0, 2106, 0, 6, 0, 0, 7, 0, 0, 0, 0
Fri Oct  8 02:23:21 2021, 0, 2106, 0, 6, 0, 0, 7, 0, 0, 0, 0
Fri Oct  8 02:24:22 2021, 0, 2106, 0, 6, 0, 0, 7, 0, 0, 0, 0
Fri Oct  8 02:25:23 2021, 0, 2106, 0, 6, 0, 0, 7, 0, 0, 0, 0
Fri Oct  8 02:26:24 2021, 0, 2106, 0, 6, 0, 0, 7, 0, 0, 0, 0
Fri Oct  8 02:27:25 2021, 0, 2106, 0, 6, 0, 0, 7, 0, 0, 0, 0
Fri Oct  8 02:28:25 2021, 0, 2106, 0, 6, 0, 0, 7, 0, 0, 0, 0
Fri Oct  8 02:29:26 2021, 0, 2106, 0, 6, 0, 0, 7, 0, 0, 0, 0
Fri Oct  8 02:30:27 2021, 0, 2106, 0, 6, 0, 0, 7, 0, 0, 0, 0
Fri Oct  8 02:31:28 2021, 0, 2106, 0, 6, 0, 0, 7, 0, 0, 0, 0
Fri Oct  8 02:32:29 2021, 0, 2106, 0, 6, 0, 0, 7, 0, 0, 0, 0
Fri Oct  8 02:33:29 2021, 0, 2106, 0, 6, 0, 0, 7, 0, 0, 0, 0
Fri Oct  8 02:34:30 2021, 0, 2106, 0, 6, 0, 0, 7, 0, 0, 0, 0
Fri Oct  8 02:35:31 2021, 0, 2106, 0, 6, 0, 0, 7, 0, 0, 0, 0
Fri Oct  8 02:36:32 2021, 0, 2106, 0, 6, 0, 0, 7, 0, 0, 0, 0
Fri Oct  8 02:37:33 2021, 0, 2106, 0, 6, 0, 0, 7, 0, 0, 0, 0
Fri Oct  8 02:38:33 2021, 0, 2106, 0, 6, 0, 0, 7, 0, 0, 0, 0
Fri Oct  8 02:39:34 2021, 0, 2106, 0, 6, 0, 0, 7, 0, 0, 0, 0
Fri Oct  8 02:40:35 2021, 0, 2106, 0, 6, 0, 0, 7, 0, 0, 0, 0
Fri Oct  8 02:41:36 2021, 0, 2106, 0, 6, 0, 0, 7, 0, 0, 0, 0
Fri Oct  8 02:42:37 2021, 0, 2106, 0, 6, 0, 0, 7, 0, 0, 0, 0
Fri Oct  8 02:43:37 2021, 0, 2106, 0, 6, 0, 0, 7, 0, 0, 0, 0
Fri Oct  8 02:44:38 2021, 0, 2106, 0, 6, 0, 0, 7, 0, 0, 0, 0
Fri Oct  8 02:45:39 2021, 0, 2106, 0, 6, 0, 0, 7, 0, 0, 0, 0
Fri Oct  8 02:46:40 2021, 0, 2106, 0, 6, 0, 0, 7, 0, 0, 0, 0
Fri Oct  8 02:47:41 2021, 0, 2106, 0, 6, 0, 0, 7, 0, 0, 0, 0
Fri Oct  8 02:48:41 2021, 0, 2106, 0, 6, 0, 0, 7, 0, 0, 0, 0
Fri Oct  8 02:49:42 2021, 0, 2106, 0, 6, 0, 0, 7, 0, 0, 0, 0
Fri Oct  8 02:50:43 2021, 0, 2106, 0, 6, 0, 0, 7, 0, 0, 0, 0
Fri Oct  8 02:51:44 2021, 0, 2106, 0, 6, 0, 0, 7, 0, 0, 0, 0
Fri Oct  8 02:52:45 2021, 0, 2106, 0, 6, 0, 0, 7, 0, 0, 0, 0
Fri Oct  8 02:53:45 2021, 0, 2106, 0, 6, 0, 0, 7, 0, 0, 0, 0
Fri Oct  8 02:54:46 2021, 0, 2106, 0, 6, 0, 0, 7, 0, 0, 0, 0
Fri Oct  8 02:55:47 2021, 0, 2106, 0, 6, 0, 0, 7, 0, 0, 0, 0
Fri Oct  8 02:56:48 2021, 0, 2106, 0, 6, 0, 0, 7, 0, 0, 0, 0
Fri Oct  8 02:57:49 2021, 0, 2106, 0, 6, 0, 0, 7, 0, 0, 0, 0
Fri Oct  8 02:58:49 2021, 0, 2106, 0, 6, 0, 0, 7, 0, 0, 0, 0
Fri Oct  8 02:59:50 2021, 0, 2106, 0, 6, 0, 0, 7, 0, 0, 0, 0
Fri Oct  8 03:00:51 2021, 0, 2106, 0, 6, 0, 0, 7, 0, 0, 0, 0
Fri Oct  8 03:01:52 2021, 0, 2106, 0, 6, 0, 0, 7, 0, 0, 0, 0
Fri Oct  8 03:02:53 2021, 0, 2106, 0, 6, 0, 0, 7, 0, 0, 0, 0
Fri Oct  8 03:03:53 2021, 0, 2106, 0, 6, 0, 0, 7, 0, 0, 0, 0
Fri Oct  8 03:04:54 2021, 0, 2106, 0, 6, 0, 0, 7, 0, 0, 0, 0
Fri Oct  8 03:05:55 2021, 0, 2106, 0, 6, 0, 0, 7, 0, 0, 0, 0
Fri Oct  8 03:06:56 2021, 0, 2106, 0, 6, 0, 0, 7, 0, 0, 0, 0
Fri Oct  8 03:07:57 2021, 0, 2106, 0, 6, 0, 0, 7, 0, 0, 0, 0
Fri Oct  8 03:08:57 2021, 0, 2106, 0, 6, 0, 0, 7, 0, 0, 0, 0
Fri Oct  8 03:09:58 2021, 0, 2106, 0, 6, 0, 0, 7, 0, 0, 0, 0
Fri Oct  8 03:10:59 2021, 0, 2106, 0, 6, 0, 0, 7, 0, 0, 0, 0
Fri Oct  8 03:12:00 2021, 0, 2106, 0, 6, 0, 0, 7, 0, 0, 0, 0
Fri Oct  8 03:13:01 2021, 0, 2106, 0, 6, 0, 0, 7, 0, 0, 0, 0
Fri Oct  8 03:14:01 2021, 0, 2106, 0, 6, 0, 0, 7, 0, 0, 0, 0
Fri Oct  8 03:15:02 2021, 0, 2106, 0, 6, 0, 0, 7, 0, 0, 0, 0
Fri Oct  8 03:16:03 2021, 0, 2106, 0, 6, 0, 0, 7, 0, 0, 0, 0
Fri Oct  8 03:17:04 2021, 0, 2106, 0, 6, 0, 0, 7, 0, 0, 0, 0
Fri Oct  8 03:18:05 2021, 0, 2106, 0, 6, 0, 0, 7, 0, 0, 0, 0
Fri Oct  8 03:19:05 2021, 0, 2106, 0, 6, 0, 0, 7, 0, 0, 0, 0
Fri Oct  8 03:20:06 2021, 0, 2106, 0, 6, 0, 0, 7, 0, 0, 0, 0
Fri Oct  8 03:21:07 2021, 0, 2106, 0, 6, 0, 0, 7, 0, 0, 0, 0
Fri Oct  8 03:22:08 2021, 0, 2106, 0, 6, 0, 0, 7, 0, 0, 0, 0
Fri Oct  8 03:23:09 2021, 0, 2106, 0, 6, 0, 0, 7, 0, 0, 0, 0
Fri Oct  8 03:24:09 2021, 0, 2106, 0, 6, 0, 0, 7, 0, 0, 0, 0
Fri Oct  8 03:25:10 2021, 0, 2106, 0, 6, 0, 0, 7, 0, 0, 0, 0
Fri Oct  8 03:26:11 2021, 0, 2106, 0, 6, 0, 0, 7, 0, 0, 0, 0
Fri Oct  8 03:27:12 2021, 0, 2106, 0, 6, 0, 0, 7, 0, 0, 0, 0
Fri Oct  8 03:28:13 2021, 0, 2106, 0, 6, 0, 0, 7, 0, 0, 0, 0
Fri Oct  8 03:29:13 2021, 0, 2106, 0, 6, 0, 0, 7, 0, 0, 0, 0
Fri Oct  8 03:30:14 2021, 0, 2106, 0, 6, 0, 0, 7, 0, 0, 0, 0
Fri Oct  8 03:31:15 2021, 0, 2106, 0, 6, 0, 0, 7, 0, 0, 0, 0
Fri Oct  8 03:32:16 2021, 0, 2106, 0, 6, 0, 0, 7, 0, 0, 0, 0
Fri Oct  8 03:33:17 2021, 0, 2106, 0, 6, 0, 0, 7, 0, 0, 0, 0
Fri Oct  8 03:34:17 2021, 0, 2106, 0, 6, 0, 0, 7, 0, 0, 0, 0
Fri Oct  8 03:35:18 2021, 0, 2106, 0, 6, 0, 0, 7, 0, 0, 0, 0
Fri Oct  8 03:36:19 2021, 0, 2106, 0, 6, 0, 0, 7, 0, 0, 0, 0
Fri Oct  8 03:37:20 2021, 0, 2106, 0, 6, 0, 0, 7, 0, 0, 0, 0
Fri Oct  8 03:38:21 2021, 0, 2106, 0, 6, 0, 0, 7, 0, 0, 0, 0
Fri Oct  8 03:39:21 2021, 0, 2106, 0, 6, 0, 0, 7, 0, 0, 0, 0
Fri Oct  8 03:40:22 2021, 0, 2106, 0, 6, 0, 0, 7, 0, 0, 0, 0
Fri Oct  8 03:41:23 2021, 0, 2106, 0, 6, 0, 0, 7, 0, 0, 0, 0
Fri Oct  8 03:42:24 2021, 0, 2106, 0, 6, 0, 0, 7, 0, 0, 0, 0
Fri Oct  8 03:43:25 2021, 0, 2106, 0, 6, 0, 0, 7, 0, 0, 0, 0
Fri Oct  8 03:44:25 2021, 0, 2106, 0, 6, 0, 0, 7, 0, 0, 0, 0
Fri Oct  8 03:45:26 2021, 0, 2106, 0, 6, 0, 0, 7, 0, 0, 0, 0
Fri Oct  8 03:46:27 2021, 0, 2106, 0, 6, 0, 0, 7, 0, 0, 0, 0
Fri Oct  8 03:47:28 2021, 0, 2106, 0, 6, 0, 0, 7, 0, 0, 0, 0
Fri Oct  8 03:48:28 2021, 0, 2106, 0, 6, 0, 0, 7, 0, 0, 0, 0
Fri Oct  8 03:49:29 2021, 0, 2106, 0, 6, 0, 0, 7, 0, 0, 0, 0
Fri Oct  8 03:50:30 2021, 0, 2106, 0, 6, 0, 0, 7, 0, 0, 0, 0
Fri Oct  8 03:51:31 2021, 0, 2106, 0, 6, 0, 0, 7, 0, 0, 0, 0
Fri Oct  8 03:52:32 2021, 0, 2106, 0, 6, 0, 0, 7, 0, 0, 0, 0
Fri Oct  8 03:53:32 2021, 0, 2106, 0, 6, 0, 0, 7, 0, 0, 0, 0
Fri Oct  8 03:54:33 2021, 0, 2106, 0, 6, 0, 0, 7, 0, 0, 0, 0
Fri Oct  8 03:55:34 2021, 0, 2106, 0, 6, 0, 0, 7, 0, 0, 0, 0
Fri Oct  8 03:56:35 2021, 0, 2106, 0, 6, 0, 0, 7, 0, 0, 0, 0
Fri Oct  8 03:57:36 2021, 0, 2106, 0, 6, 0, 0, 7, 0, 0, 0, 0
Fri Oct  8 03:58:36 2021, 0, 2106, 0, 6, 0, 0, 7, 0, 0, 0, 0
Fri Oct  8 03:59:37 2021, 0, 2106, 0, 6, 0, 0, 7, 0, 0, 0, 0
Fri Oct  8 04:00:38 2021, 0, 2106, 0, 6, 0, 0, 7, 0, 0, 0, 0
Fri Oct  8 04:01:39 2021, 0, 2106, 0, 6, 0, 0, 7, 0, 0, 0, 0
Fri Oct  8 04:02:40 2021, 0, 2106, 0, 6, 0, 0, 7, 0, 0, 0, 0
Fri Oct  8 04:03:40 2021, 0, 2106, 0, 6, 0, 0, 7, 0, 0, 0, 0
Fri Oct  8 04:04:41 2021, 0, 2106, 0, 6, 0, 0, 7, 0, 0, 0, 0
Fri Oct  8 04:05:42 2021, 0, 2106, 0, 6, 0, 0, 7, 0, 0, 0, 0
Fri Oct  8 04:06:43 2021, 0, 2106, 0, 6, 0, 0, 7, 0, 0, 0, 0
Fri Oct  8 04:07:44 2021, 0, 2106, 0, 6, 0, 0, 7, 0, 0, 0, 0
Fri Oct  8 04:08:44 2021, 0, 2106, 0, 6, 0, 0, 7, 0, 0, 0, 0
Fri Oct  8 04:09:45 2021, 0, 2106, 0, 6, 0, 0, 7, 0, 0, 0, 0
Fri Oct  8 04:10:46 2021, 0, 2106, 0, 6, 0, 0, 7, 0, 0, 0, 0
Fri Oct  8 04:11:47 2021, 0, 2106, 0, 6, 0, 0, 7, 0, 0, 0, 0
Fri Oct  8 04:12:48 2021, 0, 2106, 0, 6, 0, 0, 7, 0, 0, 0, 0
Fri Oct  8 04:13:48 2021, 0, 2106, 0, 6, 0, 0, 7, 0, 0, 0, 0
Fri Oct  8 04:14:49 2021, 0, 2106, 0, 6, 0, 0, 7, 0, 0, 0, 0
Fri Oct  8 04:15:50 2021, 0, 2106, 0, 6, 0, 0, 7, 0, 0, 0, 0
Fri Oct  8 04:16:51 2021, 0, 2106, 0, 6, 0, 0, 7, 0, 0, 0, 0
Fri Oct  8 04:17:52 2021, 0, 2106, 0, 6, 0, 0, 7, 0, 0, 0, 0
Fri Oct  8 04:18:52 2021, 0, 2106, 0, 6, 0, 0, 7, 0, 0, 10.3226, 0
Fri Oct  8 04:19:53 2021, 0, 2106, 0, 6, 0, 0, 7, 0, 0, 0, 0
Fri Oct  8 04:20:54 2021, 0, 2106, 0, 6, 0, 0, 7, 0, 0, 0, 0
Fri Oct  8 04:21:55 2021, 0, 2106, 0, 6, 0, 0, 7, 0, 0, 0, 0
Fri Oct  8 04:22:56 2021, 0, 2106, 0, 6, 0, 0, 7, 0, 0, 0, 0
Fri Oct  8 04:23:56 2021, 0, 2106, 0, 6, 0, 0, 7, 0, 0, 0, 0
Fri Oct  8 04:24:57 2021, 0, 2106, 0, 6, 0, 0, 7, 0, 0, 0, 0
Fri Oct  8 04:25:58 2021, 0, 2106, 0, 6, 0, 0, 7, 0, 0, 0, 0
Fri Oct  8 04:26:59 2021, 0, 2106, 0, 6, 0, 0, 7, 0, 0, 0, 0
Fri Oct  8 04:28:00 2021, 0, 2106, 0, 6, 0, 0, 7, 0, 0, 0, 0
Fri Oct  8 04:29:00 2021, 0, 2106, 0, 6, 0, 0, 7, 0, 0, 0, 0
Fri Oct  8 04:30:01 2021, 0, 2106, 0, 6, 0, 0, 7, 0, 0, 0, 0
Fri Oct  8 04:31:02 2021, 0, 2106, 0, 6, 0, 0, 7, 0, 0, 0, 0
Fri Oct  8 04:32:03 2021, 0, 2106, 0, 6, 0, 0, 7, 0, 0, 0, 0
Fri Oct  8 04:33:04 2021, 0, 2106, 0, 6, 0, 0, 7, 0, 0, 0, 0
Fri Oct  8 04:34:04 2021, 0, 2106, 0, 6, 0, 0, 7, 0, 0, 0, 0
Fri Oct  8 04:35:05 2021, 0, 2106, 0, 6, 0, 0, 7, 0, 0, 0, 0
Fri Oct  8 04:36:06 2021, 0, 2106, 0, 6, 0, 0, 7, 0, 0, 0, 0
Fri Oct  8 04:37:07 2021, 0, 2106, 0, 6, 0, 0, 7, 0, 0, 0, 0
Fri Oct  8 04:38:08 2021, 0, 2106, 0, 6, 0, 0, 7, 0, 0, 0, 0
Fri Oct  8 04:39:08 2021, 0, 2106, 0, 6, 0, 0, 7, 0, 0, 0, 0
Fri Oct  8 04:40:09 2021, 0, 2106, 0, 6, 0, 0, 7, 0, 0, 0, 0
Fri Oct  8 04:41:10 2021, 0, 2106, 0, 6, 0, 0, 7, 0, 0, 0, 0
Fri Oct  8 04:42:11 2021, 0, 2106, 0, 6, 0, 0, 7, 0, 0, 0, 0
Fri Oct  8 04:43:12 2021, 0, 2106, 0, 6, 0, 0, 7, 0, 0, 0, 0
Fri Oct  8 04:44:12 2021, 0, 2106, 0, 6, 0, 0, 7, 0, 0, 0, 0
Fri Oct  8 04:45:13 2021, 0, 2106, 0, 6, 0, 0, 7, 0, 0, 0, 0
Fri Oct  8 04:46:14 2021, 0, 2106, 0, 6, 0, 0, 7, 0, 0, 0, 0
Fri Oct  8 04:47:15 2021, 0, 2106, 0, 6, 0, 0, 7, 0, 0, 0, 0
Fri Oct  8 04:48:16 2021, 0, 2106, 0, 6, 0, 0, 7, 0, 0, 0, 0
Fri Oct  8 04:49:16 2021, 0, 2106, 0, 6, 0, 0, 7, 0, 0, 0, 0
Fri Oct  8 04:50:17 2021, 0, 2106, 0, 6, 0, 0, 7, 0, 0, 0, 0
Fri Oct  8 04:51:18 2021, 0, 2106, 0, 6, 0, 0, 7, 0, 0, 0, 0
Fri Oct  8 04:52:19 2021, 0, 2106, 0, 6, 0, 0, 7, 0, 0, 0, 0
Fri Oct  8 04:53:20 2021, 0, 2106, 0, 6, 0, 0, 7, 0, 0, 0, 0
Fri Oct  8 04:54:20 2021, 0, 2106, 0, 6, 0, 0, 7, 0, 0, 0, 0
Fri Oct  8 04:55:21 2021, 0, 2106, 0, 6, 0, 0, 7, 0, 0, 0, 0
Fri Oct  8 04:56:22 2021, 0, 2106, 0, 6, 0, 0, 7, 0, 0, 0, 0
Fri Oct  8 04:57:23 2021, 0, 2106, 0, 6, 0, 0, 7, 0, 0, 0, 0
Fri Oct  8 04:58:24 2021, 0, 2106, 0, 6, 0, 0, 7, 0, 0, 0, 0
Fri Oct  8 04:59:24 2021, 0, 2106, 0, 6, 0, 0, 7, 0, 0, 0, 0
Fri Oct  8 05:00:25 2021, 0, 2106, 0, 6, 0, 0, 7, 0, 0, 0, 0
Fri Oct  8 05:01:26 2021, 0, 2106, 0, 6, 0, 0, 7, 0, 0, 0, 0
Fri Oct  8 05:02:27 2021, 0, 2106, 0, 6, 0, 0, 7, 0, 0, 0, 0
Fri Oct  8 05:03:28 2021, 0, 2106, 0, 6, 0, 0, 7, 0, 0, 0, 0
Fri Oct  8 05:04:28 2021, 0, 2106, 0, 6, 0, 0, 7, 0, 0, 0, 0
Fri Oct  8 05:05:29 2021, 0, 2106, 0, 6, 0, 0, 7, 0, 0, 0, 0
Fri Oct  8 05:06:30 2021, 0, 2106, 0, 6, 0, 0, 7, 0, 0, 0, 0
Fri Oct  8 05:07:31 2021, 0, 2106, 0, 6, 0, 0, 7, 0, 0, 0, 0
Fri Oct  8 05:08:32 2021, 0, 2106, 0, 6, 0, 0, 7, 0, 0, 0, 0
Fri Oct  8 05:09:32 2021, 0, 2106, 0, 6, 0, 0, 7, 0, 0, 0, 0
Fri Oct  8 05:10:33 2021, 0, 2106, 0, 6, 0, 0, 7, 0, 0, 0, 0
Fri Oct  8 05:11:34 2021, 0, 2106, 0, 6, 0, 0, 7, 0, 0, 0, 0
Fri Oct  8 05:12:35 2021, 0, 2106, 0, 6, 0, 0, 7, 0, 0, 0, 0
Fri Oct  8 05:13:36 2021, 0, 2106, 0, 6, 0, 0, 7, 0, 0, 0, 0
Fri Oct  8 05:14:36 2021, 0, 2106, 0, 6, 0, 0, 7, 0, 0, 0, 0
Fri Oct  8 05:15:37 2021, 0, 2106, 0, 6, 0, 0, 7, 0, 0, 0, 0
Fri Oct  8 05:16:38 2021, 0, 2106, 0, 6, 0, 0, 7, 0, 0, 0, 0
Fri Oct  8 05:17:39 2021, 0, 2106, 0, 6, 0, 0, 7, 0, 0, 0, 0
Fri Oct  8 05:18:40 2021, 0, 2106, 0, 6, 0, 0, 7, 0, 0, 0, 0
Fri Oct  8 05:19:40 2021, 0, 2106, 0, 6, 0, 0, 7, 0, 0, 0, 0
Fri Oct  8 05:20:41 2021, 0, 2106, 0, 6, 0, 0, 7, 0, 0, 0, 0
Fri Oct  8 05:21:42 2021, 0, 2106, 0, 6, 0, 0, 7, 0, 0, 0, 0
Fri Oct  8 05:22:43 2021, 0, 2106, 0, 6, 0, 0, 7, 0, 0, 0, 0
Fri Oct  8 05:23:43 2021, 0, 2106, 0, 6, 0, 0, 7, 0, 0, 0, 0
Fri Oct  8 05:24:44 2021, 0, 2106, 0, 6, 0, 0, 7, 0, 0, 0, 0
Fri Oct  8 05:25:45 2021, 0, 2106, 0, 6, 0, 0, 7, 0, 0, 0, 0
Fri Oct  8 05:26:46 2021, 0, 2106, 0, 6, 0, 0, 7, 0, 0, 0, 0
Fri Oct  8 05:27:47 2021, 0, 2106, 0, 6, 0, 0, 7, 0, 0, 0, 0
Fri Oct  8 05:28:47 2021, 0, 2106, 0, 6, 0, 0, 7, 0, 0, 0, 0
Fri Oct  8 05:29:48 2021, 0, 2106, 0, 6, 0, 0, 7, 0, 0, 0, 0
Fri Oct  8 05:30:49 2021, 0, 2106, 0, 6, 0, 0, 7, 0, 0, 0, 0
Fri Oct  8 05:31:50 2021, 0, 2106, 0, 6, 0, 0, 7, 0, 0, 0, 0
Fri Oct  8 05:32:51 2021, 0, 2106, 0, 6, 0, 0, 7, 0, 0, 0, 0
Fri Oct  8 05:33:51 2021, 0, 2106, 0, 6, 0, 0, 7, 0, 0, 0, 0
Fri Oct  8 05:34:52 2021, 0, 2106, 0, 6, 0, 0, 7, 0, 0, 0, 0
Fri Oct  8 05:35:53 2021, 0, 2106, 0, 6, 0, 0, 7, 0, 0, 0, 0
Fri Oct  8 05:36:54 2021, 0, 2106, 0, 6, 0, 0, 7, 0, 0, 0, 0
Fri Oct  8 05:37:55 2021, 0, 2106, 0, 6, 0, 0, 7, 0, 0, 0, 0
Fri Oct  8 05:38:55 2021, 0, 2106, 0, 6, 0, 0, 7, 0, 0, 0, 0
Fri Oct  8 05:39:56 2021, 0, 2106, 0, 6, 0, 0, 7, 0, 0, 0, 0
Fri Oct  8 05:40:57 2021, 0, 2106, 0, 6, 0, 0, 7, 0, 0, 0, 0
Fri Oct  8 05:41:58 2021, 0, 2106, 0, 6, 0, 0, 7, 0, 0, 0, 0
Fri Oct  8 05:42:59 2021, 0, 2106, 0, 6, 0, 0, 7, 0, 0, 0, 0
Fri Oct  8 05:43:59 2021, 0, 2106, 0, 6, 0, 0, 7, 0, 0, 0, 0
Fri Oct  8 05:45:00 2021, 0, 2106, 0, 6, 0, 0, 7, 0, 0, 0, 0
Fri Oct  8 05:46:01 2021, 0, 2106, 0, 6, 0, 0, 7, 0, 0, 0, 0
Fri Oct  8 05:47:02 2021, 0, 2106, 0, 6, 0, 0, 7, 0, 0, 0, 0
Fri Oct  8 05:48:03 2021, 0, 2106, 0, 6, 0, 0, 7, 0, 0, 0, 0
Fri Oct  8 05:49:03 2021, 0, 2106, 0, 6, 0, 0, 7, 0, 0, 0, 0
Fri Oct  8 05:50:04 2021, 0, 2106, 0, 6, 0, 0, 7, 0, 0, 0, 0
Fri Oct  8 05:51:05 2021, 0, 2106, 0, 6, 0, 0, 7, 0, 0, 0, 0
Fri Oct  8 05:52:06 2021, 0, 2106, 0, 6, 0, 0, 7, 0, 0, 0, 0
Fri Oct  8 05:53:07 2021, 0, 2106, 0, 6, 0, 0, 7, 0, 0, 0, 0
Fri Oct  8 05:54:07 2021, 0, 2106, 0, 6, 0, 0, 7, 0, 0, 0, 0
Fri Oct  8 05:55:08 2021, 0, 2106, 0, 6, 0, 0, 7, 0, 0, 0, 0
Fri Oct  8 05:56:09 2021, 0, 2106, 0, 6, 0, 0, 7, 0, 0, 0, 0
Fri Oct  8 05:57:10 2021, 0, 2106, 0, 6, 0, 0, 7, 0, 0, 0, 0
Fri Oct  8 05:58:11 2021, 0, 2106, 0, 6, 0, 0, 7, 0, 0, 0, 0
Fri Oct  8 05:59:11 2021, 0, 2106, 0, 6, 0, 0, 7, 0, 0, 0, 0
Fri Oct  8 06:00:12 2021, 0, 2106, 0, 6, 0, 0, 7, 0, 0, 0, 0
Fri Oct  8 06:01:13 2021, 0, 2106, 0, 6, 0, 0, 7, 0, 0, 0, 0
Fri Oct  8 06:02:14 2021, 0, 2106, 0, 6, 0, 0, 7, 0, 0, 0, 0
Fri Oct  8 06:03:15 2021, 0, 2106, 0, 6, 0, 0, 7, 0, 0, 0, 0
Fri Oct  8 06:04:15 2021, 0, 2106, 0, 6, 0, 0, 7, 0, 0, 0, 0
Fri Oct  8 06:05:16 2021, 0, 2106, 0, 6, 0, 0, 7, 0, 0, 0, 0
Fri Oct  8 06:06:17 2021, 0, 2106, 0, 6, 0, 0, 7, 0, 0, 0, 0
Fri Oct  8 06:07:18 2021, 0, 2106, 0, 6, 0, 0, 7, 0, 0, 0, 0
Fri Oct  8 06:08:19 2021, 0, 2106, 0, 6, 0, 0, 7, 0, 0, 0, 0
Fri Oct  8 06:09:19 2021, 0, 2106, 0, 6, 0, 0, 7, 0, 0, 0, 0
Fri Oct  8 06:10:20 2021, 0, 2106, 0, 6, 0, 0, 7, 0, 0, 0, 0
Fri Oct  8 06:11:21 2021, 0, 2106, 0, 6, 0, 0, 7, 0, 0, 0, 0
Fri Oct  8 06:12:22 2021, 0, 2106, 0, 6, 0, 0, 7, 0, 0, 0, 0
Fri Oct  8 06:13:23 2021, 0, 2106, 0, 6, 0, 0, 7, 0, 0, 0, 0
Fri Oct  8 06:14:23 2021, 0, 2106, 0, 6, 0, 0, 7, 0, 0, 0, 0
Fri Oct  8 06:15:24 2021, 0, 2106, 0, 6, 0, 0, 7, 0, 0, 0, 0
Fri Oct  8 06:16:25 2021, 0, 2106, 0, 6, 0, 0, 7, 0, 0, 0, 0
Fri Oct  8 06:17:26 2021, 0, 2106, 0, 6, 0, 0, 7, 0, 0, 0, 0
Fri Oct  8 06:18:27 2021, 0, 2106, 0, 6, 0, 0, 7, 0, 0, 0, 0
Fri Oct  8 06:19:27 2021, 0, 2106, 0, 6, 0, 0, 7, 0, 0, 0, 0
Fri Oct  8 06:20:28 2021, 0, 2106, 0, 6, 0, 0, 7, 0, 0, 0, 0
Fri Oct  8 06:21:29 2021, 0, 2106, 0, 6, 0, 0, 7, 0, 0, 0, 0
Fri Oct  8 06:22:30 2021, 0, 2106, 0, 6, 0, 0, 7, 0, 0, 0, 0
Fri Oct  8 06:23:31 2021, 0, 2106, 0, 6, 0, 0, 7, 0, 0, 0, 0
Fri Oct  8 06:24:31 2021, 0, 2106, 0, 6, 0, 0, 7, 0, 0, 0, 0
Fri Oct  8 06:25:32 2021, 0, 2106, 0, 6, 0, 0, 7, 0, 0, 0, 0
Fri Oct  8 06:26:33 2021, 0, 2106, 0, 6, 0, 0, 7, 0, 0, 0, 0
Fri Oct  8 06:27:34 2021, 0, 2106, 0, 6, 0, 0, 7, 0, 0, 0, 0
Fri Oct  8 06:28:35 2021, 0, 2106, 0, 6, 0, 0, 7, 0, 0, 0, 0
Fri Oct  8 06:29:35 2021, 0, 2106, 0, 6, 0, 0, 7, 0, 0, 0, 0
Fri Oct  8 06:30:36 2021, 0, 2106, 0, 6, 0, 0, 7, 0, 0, 0, 0
Fri Oct  8 06:31:37 2021, 0, 2106, 0, 6, 0, 0, 7, 0, 0, 0, 0
Fri Oct  8 06:32:38 2021, 0, 2106, 0, 6, 0, 0, 7, 0, 0, 0, 0
Fri Oct  8 06:33:39 2021, 0, 2106, 0, 6, 0, 0, 7, 0, 0, 0, 0
Fri Oct  8 06:34:39 2021, 0, 2106, 0, 6, 0, 0, 7, 0, 0, 0, 0
Fri Oct  8 06:35:40 2021, 0, 2106, 0, 6, 0, 0, 7, 0, 0, 0, 0
Fri Oct  8 06:36:41 2021, 0, 2106, 0, 6, 0, 0, 7, 0, 0, 0, 0
Fri Oct  8 06:37:42 2021, 0, 2106, 0, 6, 0, 0, 7, 0, 0, 0, 0
Fri Oct  8 06:38:43 2021, 0, 2106, 0, 6, 0, 0, 7, 0, 0, 0, 0
Fri Oct  8 06:39:43 2021, 0, 2106, 0, 6, 0, 0, 7, 0, 0, 0, 0
Fri Oct  8 06:40:44 2021, 0, 2106, 0, 6, 0, 0, 7, 0, 0, 0, 0
Fri Oct  8 06:41:45 2021, 0, 2106, 0, 6, 0, 0, 7, 0, 0, 0, 0
Fri Oct  8 06:42:46 2021, 0, 2106, 0, 6, 0, 0, 7, 0, 0, 0, 0
Fri Oct  8 06:43:47 2021, 0, 2106, 0, 6, 0, 0, 7, 0, 0, 0, 0
Fri Oct  8 06:44:47 2021, 0, 2106, 0, 6, 0, 0, 7, 0, 0, 0, 0
Fri Oct  8 06:45:48 2021, 0, 2106, 0, 6, 0, 0, 7, 0, 0, 0, 0
Fri Oct  8 06:46:49 2021, 0, 2106, 0, 6, 0, 0, 7, 0, 0, 0, 0
Fri Oct  8 06:47:50 2021, 0, 2106, 0, 6, 0, 0, 7, 0, 0, 0, 0
Fri Oct  8 06:48:51 2021, 0, 2106, 0, 6, 0, 0, 7, 0, 0, 0, 0
Fri Oct  8 06:49:51 2021, 0, 2106, 0, 6, 0, 0, 7, 0, 0, 0, 0
Fri Oct  8 06:50:52 2021, 0, 2106, 0, 6, 0, 0, 7, 0, 0, 0, 0
Fri Oct  8 06:51:53 2021, 0, 2106, 0, 6, 0, 0, 7, 0, 0, 0, 0
Fri Oct  8 06:52:54 2021, 0, 2106, 0, 6, 0, 0, 7, 0, 0, 0, 0
Fri Oct  8 06:53:55 2021, 0, 2106, 0, 6, 0, 0, 7, 0, 0, 0, 0
Fri Oct  8 06:54:55 2021, 0, 2106, 0, 6, 0, 0, 7, 0, 0, 0, 0
Fri Oct  8 06:55:56 2021, 0, 2106, 0, 6, 0, 0, 7, 0, 0, 0, 0
Fri Oct  8 06:56:57 2021, 0, 2106, 0, 6, 0, 0, 7, 0, 0, 0, 0
Fri Oct  8 06:57:58 2021, 0, 2106, 0, 6, 0, 0, 7, 0, 0, 0, 0
Fri Oct  8 06:58:59 2021, 0, 2106, 0, 6, 0, 0, 7, 0, 0, 0, 0
Fri Oct  8 06:59:59 2021, 0, 2106, 0, 6, 0, 0, 7, 0, 0, 0, 0
Fri Oct  8 07:01:00 2021, 0, 2106, 0, 6, 0, 0, 7, 0, 0, 0, 0
Fri Oct  8 07:02:01 2021, 0, 2106, 0, 6, 0, 0, 7, 0, 0, 0, 0
Fri Oct  8 07:03:02 2021, 0, 2106, 0, 6, 0, 0, 7, 0, 0, 0, 0
Fri Oct  8 07:04:03 2021, 0, 2106, 0, 6, 0, 0, 7, 0, 0, 0, 0
Fri Oct  8 07:05:03 2021, 0, 2106, 0, 6, 0, 0, 7, 0, 0, 0, 0
Fri Oct  8 07:06:04 2021, 0, 2106, 0, 6, 0, 0, 7, 0, 0, 0, 0
Fri Oct  8 07:07:05 2021, 0, 2106, 0, 6, 0, 0, 7, 0, 0, 0, 0
Fri Oct  8 07:08:06 2021, 0, 2106, 0, 6, 0, 0, 7, 0, 0, 0, 0
Fri Oct  8 07:09:07 2021, 0, 2106, 0, 6, 0, 0, 7, 0, 0, 0, 0
Fri Oct  8 07:10:07 2021, 0, 2106, 0, 6, 0, 0, 7, 0, 0, 0, 0
Fri Oct  8 07:11:08 2021, 0, 2106, 0, 6, 0, 0, 7, 0, 0, 0, 0
Fri Oct  8 07:12:09 2021, 0, 2106, 0, 6, 0, 0, 7, 0, 0, 0, 0
Fri Oct  8 07:13:10 2021, 0, 2106, 0, 6, 0, 0, 7, 0, 0, 0, 0
Fri Oct  8 07:14:11 2021, 0, 2106, 0, 6, 0, 0, 7, 0, 0, 0, 0
Fri Oct  8 07:15:11 2021, 0, 2106, 0, 6, 0, 0, 7, 0, 0, 0, 0
Fri Oct  8 07:16:12 2021, 0, 2106, 0, 6, 0, 0, 7, 0, 0, 0, 0
Fri Oct  8 07:17:13 2021, 0, 2106, 0, 6, 0, 0, 7, 0, 0, 0, 0
Fri Oct  8 07:18:14 2021, 0, 2106, 0, 6, 0, 0, 7, 0, 0, 0, 0
Fri Oct  8 07:19:15 2021, 0, 2106, 0, 6, 0, 0, 7, 0, 0, 0, 0
Fri Oct  8 07:20:15 2021, 0, 2106, 0, 6, 0, 0, 7, 0, 0, 0, 0
Fri Oct  8 07:21:16 2021, 0, 2106, 0, 6, 0, 0, 7, 0, 0, 0, 0
Fri Oct  8 07:22:17 2021, 0, 2106, 0, 6, 0, 0, 7, 0, 0, 0, 0
Fri Oct  8 07:23:18 2021, 0, 2106, 0, 6, 0, 0, 7, 0, 0, 0, 0
Fri Oct  8 07:24:19 2021, 0, 2106, 0, 6, 0, 0, 7, 0, 0, 0, 0
Fri Oct  8 07:25:19 2021, 0, 2106, 0, 6, 0, 0, 7, 0, 0, 0, 0
Fri Oct  8 07:26:20 2021, 0, 2106, 0, 6, 0, 0, 7, 0, 0, 0, 0
Fri Oct  8 07:27:21 2021, 0, 2106, 0, 6, 0, 0, 7, 0, 0, 0, 0
Fri Oct  8 07:28:22 2021, 0, 2106, 0, 6, 0, 0, 7, 0, 0, 0, 0
Fri Oct  8 07:29:23 2021, 0, 2106, 0, 6, 0, 0, 7, 0, 0, 0, 0
Fri Oct  8 07:30:23 2021, 0, 2106, 0, 6, 0, 0, 7, 0, 0, 0, 0
Fri Oct  8 07:31:24 2021, 0, 2106, 0, 6, 0, 0, 7, 0, 0, 0, 0
Fri Oct  8 07:32:25 2021, 0, 2106, 0, 6, 0, 0, 7, 0, 0, 0, 0
Fri Oct  8 07:33:26 2021, 0, 2106, 0, 6, 0, 0, 7, 0, 0, 0, 0
Fri Oct  8 07:34:27 2021, 0, 2106, 0, 6, 0, 0, 7, 0, 0, 0, 0
Fri Oct  8 07:35:27 2021, 0, 2106, 0, 6, 0, 0, 7, 0, 0, 0, 0
Fri Oct  8 07:36:28 2021, 0, 2106, 0, 6, 0, 0, 7, 0, 0, 0, 0
Fri Oct  8 07:37:29 2021, 0, 2106, 0, 6, 0, 0, 7, 0, 0, 0, 0
Fri Oct  8 07:38:30 2021, 0, 2106, 0, 6, 0, 0, 7, 0, 0, 0, 0
Fri Oct  8 07:39:30 2021, 0, 2106, 0, 6, 0, 0, 7, 0, 0, 0, 0
Fri Oct  8 07:40:31 2021, 0, 2106, 0, 6, 0, 0, 7, 0, 0, 0, 0
Fri Oct  8 07:41:32 2021, 0, 2106, 0, 6, 0, 0, 7, 0, 0, 0, 0
Fri Oct  8 07:42:33 2021, 0, 2106, 0, 6, 0, 0, 7, 0, 0, 0, 0
Fri Oct  8 07:43:34 2021, 0, 2106, 0, 6, 0, 0, 7, 0, 0, 0, 0
Fri Oct  8 07:44:34 2021, 0, 2106, 0, 6, 0, 0, 7, 0, 0, 0, 0
Fri Oct  8 07:45:35 2021, 0, 2106, 0, 6, 0, 0, 7, 0, 0, 0, 0
Fri Oct  8 07:46:36 2021, 0, 2106, 0, 6, 0, 0, 7, 0, 0, 0, 0
Fri Oct  8 07:47:37 2021, 0, 2106, 0, 6, 0, 0, 7, 0, 0, 0, 0
Fri Oct  8 07:48:38 2021, 0, 2106, 0, 6, 0, 0, 7, 0, 0, 0, 0
Fri Oct  8 07:49:38 2021, 0, 2106, 0, 6, 0, 0, 7, 0, 0, 0, 0
Fri Oct  8 07:50:39 2021, 0, 2106, 0, 6, 0, 0, 7, 0, 0, 0, 0
Fri Oct  8 07:51:40 2021, 0, 2106, 0, 6, 0, 0, 7, 0, 0, 0, 0
Fri Oct  8 07:52:41 2021, 0, 2106, 0, 6, 0, 0, 7, 0, 0, 0, 0
Fri Oct  8 07:53:42 2021, 0, 2106, 0, 6, 0, 0, 7, 0, 0, 0, 0
Fri Oct  8 07:54:42 2021, 0, 2106, 0, 6, 0, 0, 7, 0, 0, 0, 0
Fri Oct  8 07:55:43 2021, 0, 2106, 0, 6, 0, 0, 7, 0, 0, 0, 0
Fri Oct  8 07:56:44 2021, 0, 2106, 0, 6, 0, 0, 7, 0, 0, 0, 0
Fri Oct  8 07:57:45 2021, 0, 2106, 0, 6, 0, 0, 7, 0, 0, 0, 0
Fri Oct  8 07:58:46 2021, 0, 2106, 0, 6, 0, 0, 7, 0, 0, 0, 0
Fri Oct  8 07:59:46 2021, 0, 2106, 0, 6, 0, 0, 7, 0, 0, 0, 0
Fri Oct  8 08:00:47 2021, 0, 2106, 0, 6, 0, 0, 7, 0, 0, 0, 0
Fri Oct  8 08:01:48 2021, 0, 2106, 0, 6, 0, 0, 7, 0, 0, 0, 0
Fri Oct  8 08:02:49 2021, 0, 2106, 0, 6, 0, 0, 7, 0, 0, 0, 0
Fri Oct  8 08:03:50 2021, 0, 2106, 0, 6, 0, 0, 7, 0, 0, 0, 0
Fri Oct  8 08:04:50 2021, 0, 2106, 0, 6, 0, 0, 7, 0, 0, 0, 0
Fri Oct  8 08:05:51 2021, 0, 2106, 0, 6, 0, 0, 7, 0, 0, 0, 0
Fri Oct  8 08:06:52 2021, 0, 2106, 0, 6, 0, 0, 7, 0, 0, 0, 0
Fri Oct  8 08:07:53 2021, 0, 2106, 0, 6, 0, 0, 7, 0, 0, 0, 0
Fri Oct  8 08:08:54 2021, 0, 2106, 0, 6, 0, 0, 7, 0, 0, 0, 0
Fri Oct  8 08:09:54 2021, 0, 2106, 0, 6, 0, 0, 7, 0, 0, 0, 0
Fri Oct  8 08:10:55 2021, 0, 2106, 0, 6, 0, 0, 7, 0, 0, 0, 0
Fri Oct  8 08:11:56 2021, 0, 2106, 0, 6, 0, 0, 7, 0, 0, 0, 0
Fri Oct  8 08:12:57 2021, 0, 2106, 0, 6, 0, 0, 7, 0, 0, 0, 0
Fri Oct  8 08:13:58 2021, 0, 2106, 0, 6, 0, 0, 7, 0, 0, 0, 0
Fri Oct  8 08:14:58 2021, 0, 2106, 0, 6, 0, 0, 7, 0, 0, 0, 0
Fri Oct  8 08:15:59 2021, 0, 2106, 0, 6, 0, 0, 7, 0, 0, 0, 0
Fri Oct  8 08:17:00 2021, 0, 2106, 0, 6, 0, 0, 7, 0, 0, 0, 0
Fri Oct  8 08:18:01 2021, 0, 2106, 0, 6, 0, 0, 7, 0, 0, 0, 0
Fri Oct  8 08:19:02 2021, 0, 2106, 0, 6, 0, 0, 7, 0, 0, 0, 0
Fri Oct  8 08:20:02 2021, 0, 2106, 0, 6, 0, 0, 7, 0, 0, 0, 0
Fri Oct  8 08:21:03 2021, 0, 2106, 0, 6, 0, 0, 7, 0, 0, 0, 0
Fri Oct  8 08:22:04 2021, 0, 2106, 0, 6, 0, 0, 7, 0, 0, 0, 0
Fri Oct  8 08:23:05 2021, 0, 2106, 0, 6, 0, 0, 7, 0, 0, 0, 0
Fri Oct  8 08:24:06 2021, 0, 2106, 0, 6, 0, 0, 7, 0, 0, 0, 0
Fri Oct  8 08:25:06 2021, 0, 2106, 0, 6, 0, 0, 7, 0, 0, 0, 0
Fri Oct  8 08:26:07 2021, 0, 2106, 0, 6, 0, 0, 7, 0, 0, 0, 0
Fri Oct  8 08:27:08 2021, 0, 2106, 0, 6, 0, 0, 7, 0, 0, 0, 0
Fri Oct  8 08:28:09 2021, 0, 2106, 0, 6, 0, 0, 7, 0, 0, 0, 0
Fri Oct  8 08:29:10 2021, 0, 2106, 0, 6, 0, 0, 7, 0, 0, 0, 0
Fri Oct  8 08:30:10 2021, 0, 2106, 0, 6, 0, 0, 7, 0, 0, 0, 0
Fri Oct  8 08:31:11 2021, 0, 2106, 0, 6, 0, 0, 7, 0, 0, 0, 0
Fri Oct  8 08:32:12 2021, 0, 2106, 0, 6, 0, 0, 7, 0, 0, 0, 0
Fri Oct  8 08:33:13 2021, 0, 2106, 0, 6, 0, 0, 7, 0, 0, 0, 0
Fri Oct  8 08:34:14 2021, 0, 2106, 0, 6, 0, 0, 7, 0, 0, 0, 0
Fri Oct  8 08:35:14 2021, 0, 2106, 0, 6, 0, 0, 7, 0, 0, 0, 0
Fri Oct  8 08:36:15 2021, 0, 2106, 0, 6, 0, 0, 7, 0, 0, 0, 0
Fri Oct  8 08:37:16 2021, 0, 2106, 0, 6, 0, 0, 7, 0, 0, 0, 0
Fri Oct  8 08:38:17 2021, 0, 2106, 0, 6, 0, 0, 7, 0, 0, 0, 0
Fri Oct  8 08:39:18 2021, 0, 2106, 0, 6, 0, 0, 7, 0, 0, 0, 0
Fri Oct  8 08:40:18 2021, 0, 2106, 0, 6, 0, 0, 7, 0, 0, 0, 0
Fri Oct  8 08:41:19 2021, 0, 2106, 0, 6, 0, 0, 7, 0, 0, 0, 0
Fri Oct  8 08:42:20 2021, 0, 2106, 0, 6, 0, 0, 7, 0, 0, 0, 0
Fri Oct  8 08:43:21 2021, 0, 2106, 0, 6, 0, 0, 7, 0, 0, 10.3226, 0
Fri Oct  8 08:44:22 2021, 0, 2106, 0, 6, 0, 0, 7, 0, 0, 0, 0
Fri Oct  8 08:45:22 2021, 0, 2106, 0, 6, 0, 0, 7, 0, 0, 0, 0
Fri Oct  8 08:46:23 2021, 0, 2106, 0, 6, 0, 0, 7, 0, 0, 0, 0
Fri Oct  8 08:47:24 2021, 0, 2106, 0, 6, 0, 0, 7, 0, 0, 0, 0
Fri Oct  8 08:48:25 2021, 0, 2106, 0, 6, 0, 0, 7, 0, 0, 0, 0
Fri Oct  8 08:49:26 2021, 0, 2106, 0, 6, 0, 0, 7, 0, 0, 0, 0
Fri Oct  8 08:50:26 2021, 0, 2106, 0, 6, 0, 0, 7, 0, 0, 0, 0
Fri Oct  8 08:51:27 2021, 0, 2106, 0, 6, 0, 0, 7, 0, 0, 0, 0
Fri Oct  8 08:52:28 2021, 0, 2106, 0, 6, 0, 0, 7, 0, 0, 0, 0
Fri Oct  8 08:53:29 2021, 0, 2106, 0, 6, 0, 0, 7, 0, 0, 0, 0
Fri Oct  8 08:54:30 2021, 0, 2106, 0, 6, 0, 0, 7, 0, 0, 0, 0
Fri Oct  8 08:55:30 2021, 0, 2106, 0, 6, 0, 0, 7, 0, 0, 0, 0
Fri Oct  8 08:56:31 2021, 0, 2106, 0, 6, 0, 0, 7, 0, 0, 0, 0
Fri Oct  8 08:57:32 2021, 0, 2106, 0, 6, 0, 0, 7, 0, 0, 0, 0
Fri Oct  8 08:58:33 2021, 0, 2106, 0, 6, 0, 0, 7, 0, 0, 0, 0
Fri Oct  8 08:59:34 2021, 0, 2106, 0, 6, 0, 0, 7, 0, 0, 0, 0
Fri Oct  8 09:00:34 2021, 0, 2106, 0, 6, 0, 0, 7, 0, 0, 0, 0
Fri Oct  8 09:01:35 2021, 0, 2106, 0, 6, 0, 0, 7, 0, 0, 0, 0
Fri Oct  8 09:02:36 2021, 0, 2106, 0, 6, 0, 0, 7, 0, 0, 0, 0
Fri Oct  8 09:03:37 2021, 0, 2106, 0, 6, 0, 0, 7, 0, 0, 0, 0
Fri Oct  8 09:04:38 2021, 0, 2106, 0, 6, 0, 0, 7, 0, 0, 0, 0
Fri Oct  8 09:05:38 2021, 0, 2106, 0, 6, 0, 0, 7, 0, 0, 0, 0
Fri Oct  8 09:06:39 2021, 0, 2106, 0, 6, 0, 0, 7, 0, 0, 0, 0
Fri Oct  8 09:07:40 2021, 0, 2106, 0, 6, 0, 0, 7, 0, 0, 0, 0
Fri Oct  8 09:08:41 2021, 0, 2106, 0, 6, 0, 0, 7, 0, 0, 0, 0
Fri Oct  8 09:09:42 2021, 0, 2106, 0, 6, 0, 0, 7, 0, 0, 0, 0
Fri Oct  8 09:10:42 2021, 0, 2106, 0, 6, 0, 0, 7, 0, 0, 0, 0
Fri Oct  8 09:11:43 2021, 0, 2106, 0, 6, 0, 0, 7, 0, 0, 0, 0
Fri Oct  8 09:12:44 2021, 0, 2106, 0, 6, 0, 0, 7, 0, 0, 0, 0
Fri Oct  8 09:13:45 2021, 0, 2106, 0, 6, 0, 0, 7, 0, 0, 0, 0
Fri Oct  8 09:14:46 2021, 0, 2106, 0, 6, 0, 0, 7, 0, 0, 0, 0
Fri Oct  8 09:15:46 2021, 0, 2106, 0, 6, 0, 0, 7, 0, 0, 0, 0
Fri Oct  8 09:16:47 2021, 0, 2106, 0, 6, 0, 0, 7, 0, 0, 0, 0
Fri Oct  8 09:17:48 2021, 0, 2106, 0, 6, 0, 0, 7, 0, 0, 0, 0
Fri Oct  8 09:18:49 2021, 0, 2106, 0, 6, 0, 0, 7, 0, 0, 0, 0
Fri Oct  8 09:19:50 2021, 0, 2106, 0, 6, 0, 0, 7, 0, 0, 0, 0
Fri Oct  8 09:20:50 2021, 0, 2106, 0, 6, 0, 0, 7, 0, 0, 0, 0
Fri Oct  8 09:21:51 2021, 0, 2106, 0, 6, 0, 0, 7, 0, 0, 0, 0
Fri Oct  8 09:22:52 2021, 0, 2106, 0, 6, 0, 0, 7, 0, 0, 0, 0
Fri Oct  8 09:23:53 2021, 0, 2106, 0, 6, 0, 0, 7, 0, 0, 0, 0
Fri Oct  8 09:24:54 2021, 0, 2106, 0, 6, 0, 0, 7, 0, 0, 0, 0
Fri Oct  8 09:25:54 2021, 0, 2106, 0, 6, 0, 0, 7, 0, 0, 0, 0
Fri Oct  8 09:26:55 2021, 0, 2106, 0, 6, 0, 0, 7, 0, 0, 0, 0
Fri Oct  8 09:27:56 2021, 0, 2106, 0, 6, 0, 0, 7, 0, 0, 0, 0
Fri Oct  8 09:28:57 2021, 0, 2106, 0, 6, 0, 0, 7, 0, 0, 0, 0
Fri Oct  8 09:29:57 2021, 0, 2106, 0, 6, 0, 0, 7, 0, 0, 0, 0
Fri Oct  8 09:30:58 2021, 0, 2106, 0, 6, 0, 0, 7, 0, 0, 0, 0
Fri Oct  8 09:31:59 2021, 0, 2106, 0, 6, 0, 0, 7, 0, 0, 0, 0
Fri Oct  8 09:33:00 2021, 0, 2106, 0, 6, 0, 0, 7, 0, 0, 0, 0
Fri Oct  8 09:34:01 2021, 0, 2106, 0, 6, 0, 0, 7, 0, 0, 0, 0
Fri Oct  8 09:35:01 2021, 0, 2106, 0, 6, 0, 0, 7, 0, 0, 0, 0
Fri Oct  8 09:36:02 2021, 0, 2106, 0, 6, 0, 0, 7, 0, 0, 0, 0
Fri Oct  8 09:37:03 2021, 0, 2106, 0, 6, 0, 0, 7, 0, 0, 0, 0
Fri Oct  8 09:38:04 2021, 0, 2106, 0, 6, 0, 0, 7, 0, 0, 0, 0
Fri Oct  8 09:39:05 2021, 0, 2106, 0, 6, 0, 0, 7, 0, 0, 0, 0
Fri Oct  8 09:40:05 2021, 0, 2106, 0, 6, 0, 0, 7, 0, 0, 0, 0
Fri Oct  8 09:41:06 2021, 0, 2106, 0, 6, 0, 0, 7, 0, 0, 0, 0
Fri Oct  8 09:42:07 2021, 0, 2106, 0, 6, 0, 0, 7, 0, 0, 0, 0
Fri Oct  8 09:43:08 2021, 0, 2106, 0, 6, 0, 0, 7, 0, 0, 0, 0
Fri Oct  8 09:44:09 2021, 0, 2106, 0, 6, 0, 0, 7, 0, 0, 0, 0
Fri Oct  8 09:45:09 2021, 0, 2106, 0, 6, 0, 0, 7, 0, 0, 0, 0
Fri Oct  8 09:46:10 2021, 0, 2106, 0, 6, 0, 0, 7, 0, 0, 0, 0
Fri Oct  8 09:47:11 2021, 0, 2106, 0, 6, 0, 0, 7, 0, 0, 0, 0
Fri Oct  8 09:48:12 2021, 0, 2106, 0, 6, 0, 0, 7, 0, 0, 0, 0
Fri Oct  8 09:49:13 2021, 0, 2106, 0, 6, 0, 0, 7, 0, 0, 0, 0
Fri Oct  8 09:50:13 2021, 0, 2106, 0, 6, 0, 0, 7, 0, 0, 0, 0
Fri Oct  8 09:51:14 2021, 0, 2106, 0, 6, 0, 0, 7, 0, 0, 0, 0
Fri Oct  8 09:52:15 2021, 0, 2106, 0, 6, 0, 0, 7, 0, 0, 0, 0
Fri Oct  8 09:53:16 2021, 0, 2106, 0, 6, 0, 0, 7, 0, 0, 0, 0
Fri Oct  8 09:54:17 2021, 0, 2106, 0, 6, 0, 0, 7, 0, 0, 0, 0
Fri Oct  8 09:55:17 2021, 0, 2106, 0, 6, 0, 0, 7, 0, 0, 0, 0
Fri Oct  8 09:56:18 2021, 0, 2106, 0, 6, 0, 0, 7, 0, 0, 0, 0
Fri Oct  8 09:57:19 2021, 0, 2106, 0, 6, 0, 0, 7, 0, 0, 0, 0
Fri Oct  8 09:58:20 2021, 0, 2106, 0, 6, 0, 0, 7, 0, 0, 0, 0
Fri Oct  8 09:59:21 2021, 0, 2106, 0, 6, 0, 0, 7, 0, 0, 0, 0
Fri Oct  8 10:00:21 2021, 0, 2106, 0, 6, 0, 0, 7, 0, 0, 0, 0
Fri Oct  8 10:01:22 2021, 0, 2106, 0, 6, 0, 0, 7, 0, 0, 0, 0
Fri Oct  8 10:02:23 2021, 0, 2106, 0, 6, 0, 0, 7, 0, 0, 0, 0
Fri Oct  8 10:03:24 2021, 0, 2106, 0, 6, 0, 0, 7, 0, 0, 0, 0
Fri Oct  8 10:04:25 2021, 0, 2106, 0, 6, 0, 0, 7, 0, 0, 0, 0
Fri Oct  8 10:05:25 2021, 0, 2106, 0, 6, 0, 0, 7, 0, 0, 0, 0
Fri Oct  8 10:06:26 2021, 0, 2106, 0, 6, 0, 0, 7, 0, 0, 0, 0
Fri Oct  8 10:07:27 2021, 0, 2106, 0, 6, 0, 0, 7, 0, 0, 0, 0
Fri Oct  8 10:08:28 2021, 0, 2106, 0, 6, 0, 0, 7, 0, 0, 0, 0
Fri Oct  8 10:09:29 2021, 0, 2106, 0, 6, 0, 0, 7, 0, 0, 0, 0
Fri Oct  8 10:10:29 2021, 0, 2106, 0, 6, 0, 0, 7, 0, 0, 0, 0
Fri Oct  8 10:11:30 2021, 0, 2106, 0, 6, 0, 0, 7, 0, 0, 0, 0
Fri Oct  8 10:12:31 2021, 0, 2106, 0, 6, 0, 0, 7, 0, 0, 0, 0
Fri Oct  8 10:13:32 2021, 0, 2106, 0, 6, 0, 0, 7, 0, 0, 0, 0
Fri Oct  8 10:14:33 2021, 0, 2106, 0, 6, 0, 0, 7, 0, 0, 0, 0
Fri Oct  8 10:15:33 2021, 0, 2106, 0, 6, 0, 0, 7, 0, 0, 0, 0
Fri Oct  8 10:16:34 2021, 0, 2106, 0, 6, 0, 0, 7, 0, 0, 0, 0
Fri Oct  8 10:17:35 2021, 0, 2106, 0, 6, 0, 0, 7, 0, 0, 0, 0
Fri Oct  8 10:18:36 2021, 0, 2106, 0, 6, 0, 0, 7, 0, 0, 0, 0
Fri Oct  8 10:19:37 2021, 0, 2106, 0, 6, 0, 0, 7, 0, 0, 0, 0
Fri Oct  8 10:20:37 2021, 0, 2106, 0, 6, 0, 0, 7, 0, 0, 0, 0
Fri Oct  8 10:21:38 2021, 0, 2106, 0, 6, 0, 0, 7, 0, 0, 0, 0
Fri Oct  8 10:22:39 2021, 0, 2106, 0, 6, 0, 0, 7, 0, 0, 0, 0
Fri Oct  8 10:23:40 2021, 0, 2106, 0, 6, 0, 0, 7, 0, 0, 0, 0
Fri Oct  8 10:24:41 2021, 0, 2106, 0, 6, 0, 0, 7, 0, 0, 0, 0
Fri Oct  8 10:25:41 2021, 0, 2106, 0, 6, 0, 0, 7, 0, 0, 0, 0
Fri Oct  8 10:26:42 2021, 0, 2106, 0, 6, 0, 0, 7, 0, 0, 0, 0
Fri Oct  8 10:27:43 2021, 0, 2106, 0, 6, 0, 0, 7, 0, 0, 0, 0
Fri Oct  8 10:28:44 2021, 0, 2106, 0, 6, 0, 0, 7, 0, 0, 0, 0
Fri Oct  8 10:29:45 2021, 0, 2106, 0, 6, 0, 0, 7, 0, 0, 0, 0
Fri Oct  8 10:30:45 2021, 0, 2106, 0, 6, 0, 0, 7, 0, 0, 0, 0
Fri Oct  8 10:31:46 2021, 0, 2106, 0, 6, 0, 0, 7, 0, 0, 0, 0
Fri Oct  8 10:32:47 2021, 0, 2106, 0, 6, 0, 0, 7, 0, 0, 0, 0
Fri Oct  8 10:33:48 2021, 0, 2106, 0, 6, 0, 0, 7, 0, 0, 0, 0
Fri Oct  8 10:34:49 2021, 0, 2106, 0, 6, 0, 0, 7, 0, 0, 0, 0
Fri Oct  8 10:35:49 2021, 0, 2106, 0, 6, 0, 0, 7, 0, 0, 0, 0
Fri Oct  8 10:36:50 2021, 0, 2106, 0, 6, 0, 0, 7, 0, 0, 0, 0
Fri Oct  8 10:37:51 2021, 0, 2106, 0, 6, 0, 0, 7, 0, 0, 0, 0
Fri Oct  8 10:38:52 2021, 0, 2106, 0, 6, 0, 0, 7, 0, 0, 0, 0
Fri Oct  8 10:39:53 2021, 0, 2106, 0, 6, 0, 0, 7, 0, 0, 0, 0
Fri Oct  8 10:40:53 2021, 0, 2106, 0, 6, 0, 0, 7, 0, 0, 0, 0
Fri Oct  8 10:41:54 2021, 0, 2106, 0, 6, 0, 0, 7, 0, 0, 0, 0
Fri Oct  8 10:42:55 2021, 0, 2106, 0, 6, 0, 0, 7, 0, 0, 0, 0
Fri Oct  8 10:43:56 2021, 0, 2106, 0, 6, 0, 0, 7, 0, 0, 0, 0
Fri Oct  8 10:44:57 2021, 0, 2106, 0, 6, 0, 0, 7, 0, 0, 0, 0
Fri Oct  8 10:45:57 2021, 0, 2106, 0, 6, 0, 0, 7, 0, 0, 0, 0
Fri Oct  8 10:46:58 2021, 0, 2106, 0, 6, 0, 0, 7, 0, 0, 0, 0
Fri Oct  8 10:47:59 2021, 0, 2106, 0, 6, 0, 0, 7, 0, 0, 0, 0
Fri Oct  8 10:49:00 2021, 0, 2106, 0, 6, 0, 0, 7, 0, 0, 0, 0
Fri Oct  8 10:50:01 2021, 0, 2106, 0, 6, 0, 0, 7, 0, 0, 0, 0
Fri Oct  8 10:51:01 2021, 0, 2106, 0, 6, 0, 0, 7, 0, 0, 0, 0
Fri Oct  8 10:52:02 2021, 0, 2106, 0, 6, 0, 0, 7, 0, 0, 0, 0
Fri Oct  8 10:53:03 2021, 0, 2106, 0, 6, 0, 0, 7, 0, 0, 0, 0
Fri Oct  8 10:54:04 2021, 0, 2106, 0, 6, 0, 0, 7, 0, 0, 0, 0
Fri Oct  8 10:55:05 2021, 0, 2106, 0, 6, 0, 0, 7, 0, 0, 10.3226, 0
Fri Oct  8 10:56:05 2021, 0, 2106, 0, 6, 0, 0, 7, 0, 0, 0, 0
Fri Oct  8 10:57:06 2021, 0, 2106, 0, 6, 0, 0, 7, 0, 0, 0, 0
Fri Oct  8 10:58:07 2021, 0, 2106, 0, 6, 0, 0, 7, 0, 0, 0, 0
Fri Oct  8 10:59:08 2021, 0, 2106, 0, 6, 0, 0, 7, 0, 0, 0, 0
Fri Oct  8 11:00:09 2021, 0, 2106, 0, 6, 0, 0, 7, 0, 0, 0, 0
Fri Oct  8 11:01:09 2021, 0, 2106, 0, 6, 0, 0, 7, 0, 0, 0, 0
Fri Oct  8 11:02:10 2021, 0, 2106, 0, 6, 0, 0, 7, 0, 0, 0, 0
Fri Oct  8 11:03:11 2021, 0, 2106, 0, 6, 0, 0, 7, 0, 0, 0, 0
Fri Oct  8 11:04:12 2021, 0, 2106, 0, 6, 0, 0, 7, 0, 0, 0, 0
Fri Oct  8 11:05:13 2021, 0, 2106, 0, 6, 0, 0, 7, 0, 0, 0, 0
Fri Oct  8 11:06:13 2021, 0, 2106, 0, 6, 0, 0, 7, 0, 0, 0, 0
Fri Oct  8 11:07:14 2021, 0, 2106, 0, 6, 0, 0, 7, 0, 0, 0, 0
Fri Oct  8 11:08:15 2021, 0, 2106, 0, 6, 0, 0, 7, 0, 0, 0, 0
Fri Oct  8 11:09:16 2021, 0, 2106, 0, 6, 0, 0, 7, 0, 0, 0, 0
Fri Oct  8 11:10:17 2021, 0, 2106, 0, 6, 0, 0, 7, 0, 0, 0, 0
Fri Oct  8 11:11:17 2021, 0, 2106, 0, 6, 0, 0, 7, 0, 0, 0, 0
Fri Oct  8 11:12:18 2021, 0, 2106, 0, 6, 0, 0, 7, 0, 0, 0, 0
Fri Oct  8 11:13:19 2021, 0, 2106, 0, 6, 0, 0, 7, 0, 0, 0, 0
Fri Oct  8 11:14:20 2021, 0, 2106, 0, 6, 0, 0, 7, 0, 0, 0, 0
Fri Oct  8 11:15:21 2021, 0, 2106, 0, 6, 0, 0, 7, 0, 0, 0, 0
Fri Oct  8 11:16:21 2021, 0, 2106, 0, 6, 0, 0, 7, 0, 0, 0, 0
Fri Oct  8 11:17:22 2021, 0, 2106, 0, 6, 0, 0, 7, 0, 0, 0, 0
Fri Oct  8 11:18:23 2021, 0, 2106, 0, 6, 0, 0, 7, 0, 0, 0, 0
Fri Oct  8 11:19:24 2021, 0, 2106, 0, 6, 0, 0, 7, 0, 0, 0, 0
Fri Oct  8 11:20:25 2021, 0, 2106, 0, 6, 0, 0, 7, 0, 0, 0, 0
Fri Oct  8 11:21:25 2021, 0, 2106, 0, 6, 0, 0, 7, 0, 0, 0, 0
Fri Oct  8 11:22:26 2021, 0, 2106, 0, 6, 0, 0, 7, 0, 0, 0, 0
Fri Oct  8 11:23:27 2021, 0, 2106, 0, 6, 0, 0, 7, 0, 0, 0, 0
Fri Oct  8 11:24:28 2021, 0, 2106, 0, 6, 0, 0, 7, 0, 0, 0, 0
Fri Oct  8 11:25:29 2021, 0, 2106, 0, 6, 0, 0, 7, 0, 0, 0, 0
Fri Oct  8 11:26:29 2021, 0, 2106, 0, 6, 0, 0, 7, 0, 0, 0, 0
Fri Oct  8 11:27:08 2021, 0, 2106, 0, 6, 0, 0, 7, 0, 0, 0, 0
Fri Oct  8 11:28:09 2021, 0, 2106, 0, 6, 0, 0, 7, 0, 0, 0, 0
Fri Oct  8 11:30:11 2021, 0, 2106, 0, 6, 0, 0, 7, 0, 0, 0, 0
Fri Oct  8 11:31:11 2021, 0, 2106, 0, 6, 0, 0, 7, 0, 0, 0, 0
Fri Oct  8 11:32:12 2021, 0, 2106, 0, 6, 0, 0, 7, 0, 0, 0, 0
Fri Oct  8 11:33:13 2021, 0, 2106, 0, 6, 0, 0, 7, 0, 0, 0, 0
Fri Oct  8 11:34:14 2021, 0, 2106, 0, 6, 0, 0, 7, 0, 0, 0, 0
Fri Oct  8 11:35:15 2021, 0, 2106, 0, 6, 0, 0, 7, 0, 0, 0, 0
Fri Oct  8 11:36:15 2021, 0, 2106, 0, 6, 0, 0, 7, 0, 0, 0, 0
Fri Oct  8 11:37:16 2021, 0, 2106, 0, 6, 0, 0, 7, 0, 0, 0, 0
Fri Oct  8 11:38:17 2021, 0, 2106, 0, 6, 0, 0, 7, 0, 0, 0, 0
Fri Oct  8 11:39:18 2021, 0, 2106, 0, 6, 0, 0, 7, 0, 0, 0, 0
Fri Oct  8 11:40:19 2021, 0, 2106, 0, 6, 0, 0, 7, 0, 0, 0, 0
Fri Oct  8 11:41:19 2021, 0, 2106, 0, 6, 0, 0, 7, 0, 0, 0, 0
Fri Oct  8 11:42:20 2021, 0, 2106, 0, 6, 0, 0, 7, 0, 0, 0, 0
Fri Oct  8 11:43:21 2021, 0, 2106, 0, 6, 0, 0, 7, 0, 0, 0, 0
Fri Oct  8 11:44:22 2021, 0, 2106, 0, 6, 0, 0, 7, 0, 0, 0, 0
Fri Oct  8 11:45:23 2021, 0, 2106, 0, 6, 0, 0, 7, 0, 0, 0, 0
Fri Oct  8 11:46:23 2021, 0, 2106, 0, 6, 0, 0, 7, 0, 0, 0, 0
Fri Oct  8 11:47:24 2021, 0, 2106, 0, 6, 0, 0, 7, 0, 0, 0, 0
Fri Oct  8 11:48:25 2021, 0, 2106, 0, 6, 0, 0, 7, 0, 0, 0, 0
Fri Oct  8 11:49:26 2021, 0, 2106, 0, 6, 0, 0, 7, 0, 0, 0, 0
Fri Oct  8 11:50:27 2021, 0, 2106, 0, 6, 0, 0, 7, 0, 0, 0, 0
Fri Oct  8 11:51:27 2021, 0, 2106, 0, 6, 0, 0, 7, 0, 0, 0, 0
Fri Oct  8 11:52:28 2021, 0, 2106, 0, 6, 0, 0, 7, 0, 0, 0, 0
Fri Oct  8 11:53:29 2021, 0, 2106, 0, 6, 0, 0, 7, 0, 0, 0, 0
Fri Oct  8 11:54:30 2021, 0, 2106, 0, 6, 0, 0, 7, 0, 0, 0, 0
Fri Oct  8 11:55:31 2021, 0, 2106, 0, 6, 0, 0, 7, 0, 0, 0, 0
Fri Oct  8 11:56:31 2021, 0, 2106, 0, 6, 0, 0, 7, 0, 0, 0, 0
Fri Oct  8 11:57:32 2021, 0, 2106, 0, 6, 0, 0, 7, 0, 0, 0, 0
Fri Oct  8 11:58:33 2021, 0, 2106, 0, 6, 0, 0, 7, 0, 0, 0, 0
Fri Oct  8 11:59:34 2021, 0, 2106, 0, 6, 0, 0, 7, 0, 0, 0, 0
Fri Oct  8 12:00:35 2021, 0, 2106, 0, 6, 0, 0, 7, 0, 0, 0, 0
Fri Oct  8 12:01:35 2021, 0, 2106, 0, 6, 0, 0, 7, 0, 0, 0, 0
Fri Oct  8 12:02:36 2021, 0, 2106, 0, 6, 0, 0, 7, 0, 0, 0, 0
Fri Oct  8 12:03:37 2021, 0, 2106, 0, 6, 0, 0, 7, 0, 0, 0, 0
Fri Oct  8 12:04:38 2021, 0, 2106, 0, 6, 0, 0, 7, 0, 0, 0, 0
Fri Oct  8 12:05:39 2021, 0, 2106, 0, 6, 0, 0, 7, 0, 0, 0, 0
Fri Oct  8 12:06:39 2021, 0, 2106, 0, 6, 0, 0, 7, 0, 0, 0, 0
Fri Oct  8 12:07:40 2021, 0, 2106, 0, 6, 0, 0, 7, 0, 0, 0, 0
Fri Oct  8 12:08:41 2021, 0, 2106, 0, 6, 0, 0, 7, 0, 0, 0, 0
Fri Oct  8 12:09:42 2021, 0, 2106, 0, 6, 0, 0, 7, 0, 0, 0, 0
Fri Oct  8 12:10:43 2021, 0, 2106, 0, 6, 0, 0, 7, 0, 0, 0, 0
Fri Oct  8 12:11:43 2021, 0, 2106, 0, 6, 0, 0, 7, 0, 0, 0, 0
Fri Oct  8 12:12:44 2021, 0, 2106, 0, 6, 0, 0, 7, 0, 0, 0, 0
Fri Oct  8 12:13:45 2021, 0, 2106, 0, 6, 0, 0, 7, 0, 0, 0, 0
Fri Oct  8 12:14:46 2021, 0, 2106, 0, 6, 0, 0, 7, 0, 0, 10.3226, 0
Fri Oct  8 12:15:47 2021, 0, 2106, 0, 6, 0, 0, 7, 0, 0, 0, 0
Fri Oct  8 12:16:47 2021, 0, 2106, 0, 6, 0, 0, 7, 0, 0, 0, 0
Fri Oct  8 12:17:48 2021, 0, 2106, 0, 6, 0, 0, 7, 0, 0, 0, 0
Fri Oct  8 12:18:49 2021, 0, 2106, 0, 6, 0, 0, 7, 0, 0, 0, 0
Fri Oct  8 12:19:50 2021, 0, 2106, 0, 6, 0, 0, 7, 0, 0, 0, 0
Fri Oct  8 12:20:51 2021, 0, 2106, 0, 6, 0, 0, 7, 0, 0, 0, 0
Fri Oct  8 12:21:51 2021, 0, 2106, 0, 6, 0, 0, 7, 0, 0, 0, 0
Fri Oct  8 12:22:52 2021, 0, 2106, 0, 6, 0, 0, 7, 0, 0, 0, 0
Fri Oct  8 12:23:53 2021, 0, 2106, 0, 6, 0, 0, 7, 0, 0, 0, 0
Fri Oct  8 12:24:54 2021, 0, 2106, 0, 6, 0, 0, 7, 0, 0, 0, 0
Fri Oct  8 12:25:55 2021, 0, 2106, 0, 6, 0, 0, 7, 0, 0, 0, 0
Fri Oct  8 12:25:58 2021, 0, 2106, 0, 6, 0, 0, 7, 0, 0, 0, 0
Fri Oct  8 12:26:59 2021, 0, 2106, 0, 6, 3630, 0, 7, 4050, 0, 4459.35, 1
Fri Oct  8 12:28:00 2021, 0, 2181, 4500, 6, 3630, 0, 7, 4050, 0, 4676.13, 1
Fri Oct  8 12:29:01 2021, 0, 2256, 4500, 6, 3630, 0, 7, 3750, 0, 4665.81, 1
Fri Oct  8 12:30:01 2021, 0, 2344, 5300, 6, 3630, 0, 7, 3525, 0, 4727.74, 1
Fri Oct  8 12:31:02 2021, 0, 2432, 5300, 6, 3630, 0, 7, 3450, 0, 4696.77, 1
Fri Oct  8 12:32:03 2021, 0, 2520, 5300, 6, 3630, 0, 7, 3375, 0, 4707.1, 1
Fri Oct  8 12:33:04 2021, 0, 2608, 5300, 6, 3630, 0, 7, 3225, 0, 4707.1, 1
Fri Oct  8 12:34:05 2021, 0, 2696, 5300, 6, 3630, 0, 7, 3225, 0, 4696.77, 1
Fri Oct  8 12:35:05 2021, 0, 2784, 5300, 6, 3630, 0, 7, 3000, 0, 4717.42, 1
Fri Oct  8 12:36:06 2021, 0, 2872, 5300, 6, 3630, 0, 7, 3000, 0, 4696.77, 1
Fri Oct  8 12:37:07 2021, 0, 2960, 5300, 6, 3630, 0, 7, 2925, 0, 4707.1, 1
Fri Oct  8 12:38:08 2021, 0, 3048, 5300, 6, 3630, 0, 7, 2775, 0, 4727.74, 1
Fri Oct  8 12:39:09 2021, 0, 3136, 5300, 6, 3630, 0, 7, 2700, 0, 4748.39, 1
Fri Oct  8 12:40:09 2021, 0, 3224, 5300, 6, 3630, 0, 7, 2700, 0, 4696.77, 1
Fri Oct  8 12:41:10 2021, 0, 3312, 5300, 6, 3630, 0, 7, 2625, 0, 4748.39, 1
Fri Oct  8 12:42:11 2021, 0, 3400, 5300, 6, 3630, 0, 7, 2550, 0, 4696.77, 1
Fri Oct  8 12:43:12 2021, 0, 3488, 5300, 6, 3630, 0, 7, 2550, 0, 4717.42, 1
Fri Oct  8 12:44:13 2021, 0, 3576, 5300, 6, 3630, 0, 7, 2475, 0, 4738.06, 1
Fri Oct  8 12:45:13 2021, 0, 3664, 5300, 6, 3630, 0, 7, 2400, 0, 4748.39, 1
Fri Oct  8 12:46:14 2021, 0, 3752, 5300, 6, 3630, 0, 7, 2325, 0, 4696.77, 1
Fri Oct  8 12:47:15 2021, 0, 3840, 5300, 6, 3630, 0, 7, 2250, 0, 4717.42, 1
Fri Oct  8 12:48:16 2021, 0, 3928, 5300, 6, 3630, 0, 7, 2175, 0, 4707.1, 1
Fri Oct  8 12:49:17 2021, 0, 4016, 5300, 6, 3630, 0, 7, 2100, 0, 350.968, 1
Fri Oct  8 12:50:17 2021, 0, 4029, 800, 6, 3630, 0, 7, 2100, 0, 350.968, 1
Fri Oct  8 12:51:18 2021, 0, 4042, 800, 6, 3630, 0, 7, 2025, 0, 350.968, 1
Fri Oct  8 12:52:19 2021, 0, 4055, 800, 6, 3630, 0, 7, 2025, 0, 350.968, 1
Fri Oct  8 12:53:20 2021, 0, 4068, 800, 6, 3630, 0, 7, 1950, 0, 350.968, 1
Fri Oct  8 12:54:20 2021, 0, 4081, 800, 6, 3630, 0, 7, 1950, 0, 361.29, 1
Fri Oct  8 12:55:21 2021, 0, 4094, 800, 6, 3630, 0, 7, 1950, 0, 350.968, 1
Fri Oct  8 12:56:22 2021, 0, 4107, 800, 6, 3630, 0, 7, 2025, 0, 350.968, 1
Fri Oct  8 12:57:23 2021, 0, 4120, 800, 6, 3630, 0, 7, 2025, 0, 350.968, 1
Fri Oct  8 12:58:24 2021, 0, 4133, 800, 6, 3630, 0, 7, 2025, 0, 361.29, 1
Fri Oct  8 12:59:24 2021, 0, 4146, 800, 6, 3630, 0, 7, 2025, 0, 350.968, 1
Fri Oct  8 13:00:25 2021, 0, 4159, 800, 6, 3630, 0, 7, 2025, 0, 361.29, 1
Fri Oct  8 13:01:26 2021, 0, 4172, 800, 6, 3630, 0, 7, 2025, 0, 361.29, 1
Fri Oct  8 13:02:27 2021, 0, 4185, 800, 6, 3630, 0, 7, 2025, 0, 361.29, 1
Fri Oct  8 13:03:28 2021, 0, 4198, 800, 6, 3630, 0, 7, 1950, 0, 361.29, 1
Fri Oct  8 13:04:28 2021, 0, 4211, 800, 6, 3630, 0, 7, 1950, 0, 361.29, 1
Fri Oct  8 13:05:29 2021, 0, 4224, 800, 6, 3630, 0, 7, 1950, 0, 361.29, 1
Fri Oct  8 13:06:30 2021, 0, 4237, 800, 6, 3630, 0, 7, 1950, 0, 361.29, 1
Fri Oct  8 13:07:31 2021, 0, 4250, 800, 6, 3630, 0, 7, 1800, 0, 361.29, 1
Fri Oct  8 13:08:32 2021, 0, 4263, 800, 6, 3630, 0, 7, 1800, 0, 361.29, 1
Fri Oct  8 13:09:32 2021, 0, 4276, 800, 6, 3630, 0, 7, 1725, 0, 371.613, 1
Fri Oct  8 13:10:33 2021, 0, 4289, 800, 6, 3630, 0, 7, 1725, 0, 361.29, 1
Fri Oct  8 13:11:34 2021, 0, 4302, 800, 6, 3630, 0, 7, 1725, 0, 361.29, 1
Fri Oct  8 13:12:35 2021, 0, 4315, 800, 6, 3630, 0, 7, 1725, 0, 371.613, 1
Fri Oct  8 13:13:36 2021, 0, 4328, 800, 6, 3630, 0, 7, 1650, 0, 371.613, 1
Fri Oct  8 13:14:36 2021, 0, 4341, 800, 6, 3630, 0, 7, 1650, 0, 371.613, 1
Fri Oct  8 13:15:37 2021, 0, 4354, 800, 6, 3630, 0, 7, 1650, 0, 371.613, 1
Fri Oct  8 13:16:38 2021, 0, 4380, 800, 6, 3630, 0, 7, 1650, 0, 371.613, 1
Fri Oct  8 13:17:39 2021, 0, 4393, 800, 6, 3630, 0, 7, 1650, 0, 371.613, 1
Fri Oct  8 13:18:40 2021, 0, 4406, 800, 6, 3630, 0, 7, 1575, 0, 371.613, 1
Fri Oct  8 13:19:40 2021, 0, 4419, 800, 6, 3630, 0, 7, 1575, 0, 371.613, 1
Fri Oct  8 13:20:41 2021, 0, 4432, 800, 6, 3630, 0, 7, 1575, 0, 381.935, 1
Fri Oct  8 13:21:42 2021, 0, 4445, 800, 6, 3630, 0, 7, 1575, 0, 371.613, 1
Fri Oct  8 13:22:43 2021, 0, 4458, 800, 6, 3630, 0, 7, 1575, 0, 381.935, 1
Fri Oct  8 13:23:44 2021, 0, 4471, 800, 6, 3630, 0, 7, 1575, 0, 381.935, 1
Fri Oct  8 13:24:44 2021, 0, 4484, 800, 6, 3630, 0, 7, 1575, 0, 381.935, 1
Fri Oct  8 13:25:45 2021, 0, 4497, 800, 6, 3630, 0, 7, 1425, 0, 381.935, 1
Fri Oct  8 13:26:46 2021, 0, 4510, 800, 6, 3630, 0, 7, 1425, 0, 381.935, 1
Fri Oct  8 13:27:47 2021, 0, 4523, 800, 6, 3630, 0, 7, 1425, 0, 381.935, 1
Fri Oct  8 13:28:48 2021, 0, 4536, 800, 6, 3630, 0, 7, 1425, 0, 381.935, 1
Fri Oct  8 13:29:48 2021, 0, 4549, 800, 6, 3630, 0, 7, 1425, 0, 381.935, 1
Fri Oct  8 13:30:49 2021, 0, 4562, 800, 6, 3630, 0, 7, 1425, 0, 381.935, 1
Fri Oct  8 13:31:50 2021, 0, 4575, 800, 6, 3630, 0, 7, 1350, 0, 381.935, 1
Fri Oct  8 13:32:51 2021, 0, 4588, 800, 6, 3630, 0, 7, 1350, 0, 381.935, 1
Fri Oct  8 13:33:52 2021, 0, 4601, 800, 6, 3630, 0, 7, 1275, 0, 381.935, 1
Fri Oct  8 13:34:52 2021, 0, 4614, 800, 6, 3630, 0, 7, 1275, 0, 392.258, 1
Fri Oct  8 13:35:53 2021, 0, 4627, 800, 6, 3630, 0, 7, 1275, 0, 392.258, 1
Fri Oct  8 13:36:54 2021, 0, 4640, 800, 6, 3630, 0, 7, 1275, 0, 381.935, 1
Fri Oct  8 13:37:55 2021, 0, 4653, 800, 6, 3630, 0, 7, 1275, 0, 381.935, 1
Fri Oct  8 13:38:56 2021, 0, 4666, 800, 6, 3630, 0, 7, 1275, 0, 392.258, 1
Fri Oct  8 13:39:56 2021, 0, 4679, 800, 6, 3630, 0, 7, 1275, 0, 392.258, 1
Fri Oct  8 13:40:57 2021, 0, 4692, 800, 6, 3630, 0, 7, 1200, 0, 392.258, 1
Fri Oct  8 13:41:58 2021, 0, 4705, 800, 6, 3630, 0, 7, 1200, 0, 392.258, 1
Fri Oct  8 13:42:59 2021, 0, 4718, 800, 6, 3630, 0, 7, 1200, 0, 392.258, 1
Fri Oct  8 13:43:59 2021, 0, 4731, 800, 6, 3630, 0, 7, 1050, 0, 392.258, 1
Fri Oct  8 13:45:00 2021, 0, 4744, 800, 6, 3630, 0, 7, 1050, 0, 402.581, 1
Fri Oct  8 13:46:01 2021, 0, 4757, 800, 6, 3630, 0, 7, 1050, 0, 392.258, 1
Fri Oct  8 13:47:02 2021, 0, 4770, 800, 6, 3630, 0, 7, 1050, 0, 392.258, 1
Fri Oct  8 13:48:03 2021, 0, 4783, 800, 6, 3630, 0, 7, 1050, 0, 402.581, 1
Fri Oct  8 13:49:03 2021, 0, 4796, 800, 6, 3630, 0, 7, 1050, 0, 402.581, 1
Fri Oct  8 13:50:04 2021, 0, 4809, 800, 6, 3630, 0, 7, 1050, 0, 402.581, 1
Fri Oct  8 13:51:05 2021, 0, 4822, 800, 6, 3630, 0, 7, 1050, 0, 402.581, 1
Fri Oct  8 13:52:06 2021, 0, 4835, 800, 6, 3630, 0, 7, 975, 0, 402.581, 1
Fri Oct  8 13:53:07 2021, 0, 4848, 800, 6, 3630, 0, 7, 975, 0, 402.581, 1
Fri Oct  8 13:54:07 2021, 0, 4861, 800, 6, 3630, 0, 7, 975, 0, 402.581, 1
Fri Oct  8 13:55:08 2021, 0, 4874, 800, 6, 3630, 0, 7, 975, 0, 402.581, 1
Fri Oct  8 13:56:09 2021, 0, 4887, 800, 6, 3630, 0, 7, 975, 0, 402.581, 1
Fri Oct  8 13:57:10 2021, 0, 4900, 800, 6, 3630, 0, 7, 975, 0, 402.581, 1
Fri Oct  8 13:58:11 2021, 0, 4913, 800, 6, 3630, 0, 7, 975, 0, 402.581, 1
Fri Oct  8 13:59:11 2021, 0, 4926, 800, 6, 3630, 0, 7, 900, 0, 402.581, 1
Fri Oct  8 14:00:12 2021, 0, 4939, 800, 6, 3630, 0, 7, 900, 0, 402.581, 1
Fri Oct  8 14:01:13 2021, 0, 4952, 800, 6, 3630, 0, 7, 825, 0, 402.581, 1
Fri Oct  8 14:02:14 2021, 0, 4965, 800, 6, 3630, 0, 7, 825, 0, 412.903, 1
Fri Oct  8 14:03:15 2021, 0, 4978, 800, 6, 3630, 0, 7, 825, 0, 412.903, 1
Fri Oct  8 14:04:15 2021, 0, 4991, 800, 6, 3630, 0, 7, 825, 0, 412.903, 1
Fri Oct  8 14:05:16 2021, 0, 5004, 800, 6, 3630, 0, 7, 825, 0, 412.903, 1
Fri Oct  8 14:06:17 2021, 0, 5017, 800, 6, 3630, 0, 7, 825, 0, 412.903, 1
Fri Oct  8 14:07:18 2021, 0, 5030, 800, 6, 3630, 0, 7, 825, 0, 412.903, 1
Fri Oct  8 14:08:19 2021, 0, 5043, 800, 6, 3630, 0, 7, 750, 0, 412.903, 1
Fri Oct  8 14:09:19 2021, 0, 5056, 800, 6, 3630, 0, 7, 750, 0, 412.903, 1
Fri Oct  8 14:10:20 2021, 0, 5069, 800, 6, 3630, 0, 7, 750, 0, 412.903, 1
Fri Oct  8 14:11:21 2021, 0, 5082, 800, 6, 3630, 0, 7, 750, 0, 412.903, 1
Fri Oct  8 14:12:22 2021, 0, 5095, 800, 6, 3630, 0, 7, 600, 0, 423.226, 1
Fri Oct  8 14:13:23 2021, 0, 5108, 800, 6, 3630, 0, 7, 600, 0, 412.903, 1
Fri Oct  8 14:14:23 2021, 0, 5121, 800, 6, 3630, 0, 7, 600, 0, 423.226, 1
Fri Oct  8 14:15:24 2021, 0, 5134, 800, 6, 3630, 0, 7, 600, 0, 423.226, 1
Fri Oct  8 14:16:25 2021, 0, 5147, 800, 6, 3630, 0, 7, 600, 0, 412.903, 1
Fri Oct  8 14:17:26 2021, 0, 5160, 800, 6, 3630, 0, 7, 600, 0, 423.226, 1
Fri Oct  8 14:18:27 2021, 0, 5173, 800, 6, 3630, 0, 7, 600, 0, 412.903, 1
Fri Oct  8 14:19:27 2021, 0, 5186, 800, 6, 3630, 0, 7, 600, 0, 423.226, 1
Fri Oct  8 14:20:28 2021, 0, 5199, 800, 6, 3630, 0, 7, 600, 0, 423.226, 1
Fri Oct  8 14:21:29 2021, 0, 5212, 800, 6, 3630, 0, 7, 525, 0, 423.226, 1
Fri Oct  8 14:22:30 2021, 0, 5225, 800, 6, 3630, 0, 7, 525, 0, 423.226, 1
Fri Oct  8 14:23:31 2021, 0, 5238, 800, 6, 3630, 0, 7, 525, 0, 423.226, 1
Fri Oct  8 14:24:31 2021, 0, 5251, 800, 6, 3630, 0, 7, 525, 0, 433.548, 1
Fri Oct  8 14:25:32 2021, 0, 5264, 800, 6, 3630, 0, 7, 525, 0, 423.226, 1
Fri Oct  8 14:26:33 2021, 0, 5277, 800, 6, 3630, 0, 7, 525, 0, 423.226, 1
Fri Oct  8 14:27:34 2021, 0, 5290, 800, 6, 3630, 0, 7, 525, 0, 423.226, 1
Fri Oct  8 14:28:35 2021, 0, 5303, 800, 6, 3630, 0, 7, 450, 0, 433.548, 1
Fri Oct  8 14:29:35 2021, 0, 5329, 800, 6, 3630, 0, 7, 450, 0, 433.548, 1
Fri Oct  8 14:30:36 2021, 0, 5342, 800, 6, 3630, 0, 7, 375, 0, 433.548, 1
Fri Oct  8 14:31:37 2021, 0, 5355, 800, 6, 3630, 0, 7, 375, 0, 433.548, 1
Fri Oct  8 14:32:38 2021, 0, 5368, 800, 6, 3630, 0, 7, 375, 0, 433.548, 1
Fri Oct  8 14:33:39 2021, 0, 5381, 800, 6, 3630, 0, 7, 375, 0, 433.548, 1
Fri Oct  8 14:34:39 2021, 0, 5394, 800, 6, 3630, 0, 7, 375, 0, 433.548, 1
Fri Oct  8 14:35:40 2021, 0, 5407, 800, 6, 3630, 0, 7, 225, 0, 433.548, 1
Fri Oct  8 14:36:41 2021, 0, 5420, 800, 6, 3630, 0, 7, 225, 0, 433.548, 1
Fri Oct  8 14:37:42 2021, 0, 5433, 800, 6, 3630, 0, 7, 225, 0, 433.548, 1
Fri Oct  8 14:38:43 2021, 0, 5446, 800, 6, 3630, 0, 7, 225, 0, 433.548, 1
Fri Oct  8 14:39:43 2021, 0, 5459, 800, 6, 3630, 0, 7, 225, 0, 443.871, 1
Fri Oct  8 14:40:44 2021, 0, 5472, 800, 6, 3630, 0, 7, 225, 0, 443.871, 1
Fri Oct  8 14:41:45 2021, 0, 5485, 800, 6, 3630, 0, 7, 225, 0, 443.871, 1
Fri Oct  8 14:42:46 2021, 0, 5498, 800, 6, 3630, 0, 7, 75, 0, 443.871, 1
Fri Oct  8 14:43:47 2021, 0, 5511, 800, 6, 3630, 0, 7, 75, 0, 443.871, 1
Fri Oct  8 14:44:47 2021, 0, 5524, 800, 6, 3630, 0, 7, 75, 0, 443.871, 1
Fri Oct  8 14:45:48 2021, 0, 5537, 800, 6, 3630, 0, 7, 75, 0, 443.871, 1
Fri Oct  8 14:46:49 2021, 0, 5550, 800, 6, 3630, 0, 7, 75, 0, 443.871, 1
Fri Oct  8 14:47:50 2021, 0, 5563, 800, 6, 3630, 0, 7, 75, 0, 443.871, 1
Fri Oct  8 14:48:50 2021, 0, 5576, 800, 6, 3630, 0, 7, 75, 0, 443.871, 1
Fri Oct  8 14:49:51 2021, 0, 5589, 800, 6, 3630, 0, 7, 0, 0, 443.871, 1
Fri Oct  8 14:50:52 2021, 0, 5602, 800, 6, 3630, 0, 7, 0, 0, 443.871, 1
Fri Oct  8 14:51:53 2021, 0, 5615, 800, 6, 3630, 0, 7, 0, 0, 443.871, 1
Fri Oct  8 14:52:54 2021, 0, 5628, 800, 6, 3630, 0, 7, 0, 0, 454.194, 1
Fri Oct  8 14:53:54 2021, 0, 5641, 800, 6, 3630, 0, 7, 0, 0, 443.871, 1
Fri Oct  8 14:54:55 2021, 0, 5654, 800, 6, 3630, 0, 7, 0, 0, 443.871, 1
Fri Oct  8 14:55:56 2021, 0, 5667, 800, 6, 3630, 0, 7, 0, 0, 454.194, 1
Fri Oct  8 14:56:57 2021, 0, 5680, 800, 6, 3630, 0, 7, 0, 0, 443.871, 1
Fri Oct  8 14:57:58 2021, 0, 5693, 800, 6, 3630, 0, 7, 0, 0, 443.871, 1
Fri Oct  8 14:58:58 2021, 0, 5706, 800, 6, 3630, 0, 7, 0, 0, 454.194, 1
Fri Oct  8 14:59:59 2021, 0, 5719, 800, 6, 3630, 0, 7, 0, 0, 454.194, 1
Fri Oct  8 15:01:00 2021, 0, 5732, 800, 6, 3630, 0, 7, 0, 0, 454.194, 1
Fri Oct  8 15:02:01 2021, 0, 5745, 800, 6, 3630, 0, 7, 0, 0, 454.194, 1
Fri Oct  8 15:03:02 2021, 0, 5758, 800, 6, 3630, 0, 7, 0, 0, 454.194, 1
Fri Oct  8 15:04:02 2021, 0, 5771, 800, 6, 3630, 0, 7, 0, 0, 454.194, 1
Fri Oct  8 15:05:03 2021, 0, 5784, 800, 6, 3630, 0, 7, 0, 0, 454.194, 1
Fri Oct  8 15:06:04 2021, 0, 5797, 800, 6, 3630, 0, 7, 0, 0, 454.194, 1
Fri Oct  8 15:07:05 2021, 0, 5810, 800, 6, 3630, 0, 7, 0, 0, 464.516, 1
Fri Oct  8 15:08:06 2021, 0, 5823, 800, 6, 3630, 0, 7, 0, 0, 454.194, 1
Fri Oct  8 15:09:06 2021, 0, 5836, 800, 6, 3630, 0, 7, 0, 0, 454.194, 1
Fri Oct  8 15:10:07 2021, 0, 5849, 800, 6, 3630, 0, 7, 0, 0, 454.194, 1
Fri Oct  8 15:11:08 2021, 0, 5862, 800, 6, 3630, 0, 7, 0, 0, 454.194, 1
Fri Oct  8 15:12:09 2021, 0, 5875, 800, 6, 3630, 0, 7, 0, 0, 464.516, 1
Fri Oct  8 15:13:10 2021, 0, 5888, 800, 6, 3630, 0, 7, 0, 0, 464.516, 1
Fri Oct  8 15:14:10 2021, 0, 5901, 800, 6, 3630, 0, 7, 0, 0, 41.2903, 0
Fri Oct  8 15:15:11 2021, 0, 5901, 0, 6, 3630, 0, 7, 0, 0, 30.9677, 0
Fri Oct  8 15:16:12 2021, 0, 5901, 0, 6, 3630, 0, 7, 0, 0, 41.2903, 0
Fri Oct  8 15:17:13 2021, 0, 5901, 0, 6, 3630, 0, 7, 0, 0, 41.2903, 0
Fri Oct  8 15:18:14 2021, 0, 5901, 0, 6, 3630, 0, 7, 0, 0, 0, 0
Fri Oct  8 15:19:14 2021, 0, 5901, 0, 6, 3630, 0, 7, 0, 0, 0, 0
Fri Oct  8 15:20:15 2021, 0, 5901, 0, 6, 3630, 0, 7, 0, 0, 0, 0
Fri Oct  8 15:21:16 2021, 0, 5901, 0, 6, 3630, 0, 7, 0, 0, 0, 0
Fri Oct  8 15:22:17 2021, 0, 5901, 0, 6, 3630, 0, 7, 0, 0, 0, 0
Fri Oct  8 15:23:18 2021, 0, 5901, 0, 6, 3630, 0, 7, 0, 0, 0, 0
Fri Oct  8 15:24:18 2021, 0, 5901, 0, 6, 3630, 0, 7, 0, 0, 0, 0
Fri Oct  8 15:25:19 2021, 0, 5901, 0, 6, 3630, 0, 7, 0, 0, 0, 0
Fri Oct  8 15:26:20 2021, 0, 5901, 0, 6, 3630, 0, 7, 0, 0, 0, 0
Fri Oct  8 15:27:21 2021, 0, 5901, 0, 6, 3630, 0, 7, 0, 0, 0, 0
Fri Oct  8 15:28:22 2021, 0, 5901, 0, 6, 3630, 0, 7, 0, 0, 0, 0
Fri Oct  8 15:29:22 2021, 0, 5901, 0, 6, 3630, 0, 7, 0, 0, 0, 0
Fri Oct  8 15:30:23 2021, 0, 5901, 0, 6, 3630, 0, 7, 0, 0, 0, 0
Fri Oct  8 15:31:24 2021, 0, 5901, 0, 6, 3630, 0, 7, 0, 0, 0, 0
Fri Oct  8 15:32:25 2021, 0, 5901, 0, 6, 3630, 0, 7, 0, 0, 0, 0
Fri Oct  8 15:33:26 2021, 0, 5901, 0, 6, 3630, 0, 7, 0, 0, 0, 0
Fri Oct  8 15:34:26 2021, 0, 5901, 0, 6, 3630, 0, 7, 0, 0, 0, 0
Fri Oct  8 15:35:27 2021, 0, 5901, 0, 6, 3630, 0, 7, 0, 0, 0, 0
Fri Oct  8 15:36:28 2021, 0, 5901, 0, 6, 3630, 0, 7, 0, 0, 0, 0
Fri Oct  8 15:37:29 2021, 0, 5901, 0, 6, 3630, 0, 7, 0, 0, 0, 0
Fri Oct  8 15:38:30 2021, 0, 5901, 0, 6, 3630, 0, 7, 0, 0, 0, 0
Fri Oct  8 15:39:30 2021, 0, 5901, 0, 6, 3630, 0, 7, 0, 0, 0, 0
Fri Oct  8 15:40:31 2021, 0, 5901, 0, 6, 3630, 0, 7, 0, 0, 0, 0
Fri Oct  8 15:41:32 2021, 0, 5901, 0, 6, 3630, 0, 7, 0, 0, 0, 0
Fri Oct  8 15:42:33 2021, 0, 5901, 0, 6, 3630, 0, 7, 0, 0, 0, 0
Fri Oct  8 15:43:33 2021, 0, 5901, 0, 6, 3630, 0, 7, 0, 0, 0, 0
Fri Oct  8 15:44:34 2021, 0, 5901, 0, 6, 3630, 0, 7, 0, 0, 0, 0
Fri Oct  8 15:45:35 2021, 0, 5901, 0, 6, 3630, 0, 7, 0, 0, 0, 0
Fri Oct  8 15:46:36 2021, 0, 5901, 0, 6, 3630, 0, 7, 0, 0, 0, 0
Fri Oct  8 15:47:37 2021, 0, 5901, 0, 6, 3630, 0, 7, 0, 0, 0, 0
Fri Oct  8 15:48:38 2021, 0, 5901, 0, 6, 3630, 0, 7, 0, 0, 0, 0
Fri Oct  8 15:49:38 2021, 0, 5901, 0, 6, 3630, 0, 7, 0, 0, 0, 0
Fri Oct  8 15:50:39 2021, 0, 5901, 0, 6, 3630, 0, 7, 0, 0, 0, 0
Fri Oct  8 15:51:40 2021, 0, 5901, 0, 6, 3630, 0, 7, 0, 0, 0, 0
Fri Oct  8 15:52:41 2021, 0, 5901, 0, 6, 3630, 0, 7, 0, 0, 0, 0
Fri Oct  8 15:53:42 2021, 0, 5901, 0, 6, 3630, 0, 7, 0, 0, 0, 0
Fri Oct  8 15:54:42 2021, 0, 5901, 0, 6, 3630, 0, 7, 0, 0, 0, 0
Fri Oct  8 15:55:43 2021, 0, 5901, 0, 6, 3630, 0, 7, 0, 0, 0, 0
Fri Oct  8 15:56:44 2021, 0, 5901, 0, 6, 3630, 0, 7, 0, 0, 0, 0
Fri Oct  8 15:57:45 2021, 0, 5901, 0, 6, 3630, 0, 7, 0, 0, 0, 0
Fri Oct  8 15:58:46 2021, 0, 5901, 0, 6, 3630, 0, 7, 0, 0, 0, 0
Fri Oct  8 15:59:46 2021, 0, 5901, 0, 6, 3630, 0, 7, 0, 0, 0, 0
Fri Oct  8 16:00:47 2021, 0, 5901, 0, 6, 3630, 0, 7, 0, 0, 0, 0
Fri Oct  8 16:01:48 2021, 0, 5901, 0, 6, 3630, 0, 7, 0, 0, 0, 0
Fri Oct  8 16:02:49 2021, 0, 5901, 0, 6, 3630, 0, 7, 0, 0, 0, 0
Fri Oct  8 16:03:50 2021, 0, 5901, 0, 6, 3630, 0, 7, 0, 0, 0, 0
Fri Oct  8 16:04:50 2021, 0, 5901, 0, 6, 3630, 0, 7, 0, 0, 0, 0
Fri Oct  8 16:05:51 2021, 0, 5901, 0, 6, 3630, 0, 7, 0, 0, 0, 0
Fri Oct  8 16:06:52 2021, 0, 5901, 0, 6, 3630, 0, 7, 0, 0, 0, 0
Fri Oct  8 16:07:53 2021, 0, 5901, 0, 6, 3630, 0, 7, 0, 0, 0, 0
Fri Oct  8 16:08:54 2021, 0, 5901, 0, 6, 3630, 0, 7, 0, 0, 0, 0
Fri Oct  8 16:09:54 2021, 0, 5901, 0, 6, 3630, 0, 7, 0, 0, 0, 0
Fri Oct  8 16:10:55 2021, 0, 5901, 0, 6, 3630, 0, 7, 0, 0, 0, 0
Fri Oct  8 16:11:56 2021, 0, 5901, 0, 6, 3630, 0, 7, 0, 0, 0, 0
Fri Oct  8 16:12:57 2021, 0, 5901, 0, 6, 3630, 0, 7, 0, 0, 0, 0
Fri Oct  8 16:13:58 2021, 0, 5901, 0, 6, 3630, 0, 7, 0, 0, 0, 0
Fri Oct  8 16:14:58 2021, 0, 5901, 0, 6, 3630, 0, 7, 0, 0, 0, 0
Fri Oct  8 16:15:59 2021, 0, 5901, 0, 6, 3630, 0, 7, 0, 0, 0, 0
Fri Oct  8 16:17:00 2021, 0, 5901, 0, 6, 3630, 0, 7, 0, 0, 0, 0
Fri Oct  8 16:18:01 2021, 0, 5901, 0, 6, 3630, 0, 7, 0, 0, 0, 0
Fri Oct  8 16:19:02 2021, 0, 5901, 0, 6, 3630, 0, 7, 0, 0, 0, 0
Fri Oct  8 16:20:02 2021, 0, 5901, 0, 6, 3630, 0, 7, 0, 0, 0, 0
Fri Oct  8 16:21:03 2021, 0, 5901, 0, 6, 3630, 0, 7, 0, 0, 0, 0
Fri Oct  8 16:22:04 2021, 0, 5901, 0, 6, 3630, 0, 7, 0, 0, 0, 0
Fri Oct  8 16:23:05 2021, 0, 5901, 0, 6, 3630, 0, 7, 0, 0, 0, 0
Fri Oct  8 16:24:06 2021, 0, 5901, 0, 6, 3630, 0, 7, 0, 0, 0, 0
Fri Oct  8 16:25:06 2021, 0, 5901, 0, 6, 3630, 0, 7, 0, 0, 0, 0
Fri Oct  8 16:26:07 2021, 0, 5901, 0, 6, 3630, 0, 7, 0, 0, 0, 0
Fri Oct  8 16:27:08 2021, 0, 5901, 0, 6, 3630, 0, 7, 0, 0, 0, 0
Fri Oct  8 16:28:09 2021, 0, 5901, 0, 6, 3630, 0, 7, 0, 0, 10.3226, 0
Fri Oct  8 16:29:09 2021, 0, 5901, 0, 6, 3630, 0, 7, 0, 0, 0, 0
Fri Oct  8 16:30:10 2021, 0, 5901, 0, 6, 3630, 0, 7, 0, 0, 0, 0
Fri Oct  8 16:31:11 2021, 0, 5901, 0, 6, 3630, 0, 7, 0, 0, 0, 0
Fri Oct  8 16:32:12 2021, 0, 5901, 0, 6, 3630, 0, 7, 0, 0, 0, 0
Fri Oct  8 16:33:13 2021, 0, 5901, 0, 6, 3630, 0, 7, 0, 0, 0, 0
Fri Oct  8 16:34:13 2021, 0, 5901, 0, 6, 3630, 0, 7, 0, 0, 0, 0
Fri Oct  8 16:35:14 2021, 0, 5901, 0, 6, 3630, 0, 7, 0, 0, 0, 0
Fri Oct  8 16:36:15 2021, 0, 5901, 0, 6, 3630, 0, 7, 0, 0, 0, 0
Fri Oct  8 16:37:16 2021, 0, 5901, 0, 6, 3630, 0, 7, 0, 0, 0, 0
Fri Oct  8 16:38:17 2021, 0, 5901, 0, 6, 3630, 0, 7, 0, 0, 0, 0
Fri Oct  8 16:39:17 2021, 0, 5901, 0, 6, 3630, 0, 7, 0, 0, 0, 0
Fri Oct  8 16:40:18 2021, 0, 5901, 0, 6, 3630, 0, 7, 0, 0, 0, 0
Fri Oct  8 16:41:19 2021, 0, 5901, 0, 6, 3630, 0, 7, 0, 0, 0, 0
Fri Oct  8 16:42:20 2021, 0, 5901, 0, 6, 3630, 0, 7, 0, 0, 0, 0
Fri Oct  8 16:43:21 2021, 0, 5901, 0, 6, 3630, 0, 7, 0, 0, 0, 0
Fri Oct  8 16:44:21 2021, 0, 5901, 0, 6, 3630, 0, 7, 0, 0, 0, 0
Fri Oct  8 16:45:22 2021, 0, 5901, 0, 6, 3630, 0, 7, 0, 0, 0, 0
Fri Oct  8 16:46:23 2021, 0, 5901, 0, 6, 3630, 0, 7, 0, 0, 0, 0
Fri Oct  8 16:47:24 2021, 0, 5901, 0, 6, 3630, 0, 7, 0, 0, 0, 0
Fri Oct  8 16:48:25 2021, 0, 5901, 0, 6, 3630, 0, 7, 0, 0, 0, 0
Fri Oct  8 16:49:25 2021, 0, 5901, 0, 6, 3630, 0, 7, 0, 0, 0, 0
Fri Oct  8 16:50:26 2021, 0, 5901, 0, 6, 3630, 0, 7, 0, 0, 0, 0
Fri Oct  8 16:51:27 2021, 0, 5901, 0, 6, 3630, 0, 7, 0, 0, 0, 0
Fri Oct  8 16:52:28 2021, 0, 5901, 0, 6, 3630, 0, 7, 0, 0, 0, 0
Fri Oct  8 16:53:29 2021, 0, 5901, 0, 6, 3630, 0, 7, 0, 0, 0, 0
Fri Oct  8 16:54:29 2021, 0, 5901, 0, 6, 3630, 0, 7, 0, 0, 0, 0
Fri Oct  8 16:55:30 2021, 0, 5901, 0, 6, 3630, 0, 7, 0, 0, 0, 0
Fri Oct  8 16:56:31 2021, 0, 5901, 0, 6, 3630, 0, 7, 0, 0, 0, 0
Fri Oct  8 16:57:32 2021, 0, 5901, 0, 6, 3630, 0, 7, 0, 0, 0, 0
Fri Oct  8 16:58:33 2021, 0, 5901, 0, 6, 3630, 0, 7, 0, 0, 0, 0
Fri Oct  8 16:59:33 2021, 0, 5901, 0, 6, 3630, 0, 7, 0, 0, 0, 0
Fri Oct  8 17:00:34 2021, 0, 5901, 0, 6, 3630, 0, 7, 0, 0, 0, 0
Fri Oct  8 17:01:35 2021, 0, 5901, 0, 6, 3630, 0, 7, 0, 0, 0, 0
Fri Oct  8 17:02:36 2021, 0, 5901, 0, 6, 3630, 0, 7, 0, 0, 0, 0
Fri Oct  8 17:03:37 2021, 0, 5901, 0, 6, 3630, 0, 7, 0, 0, 0, 0
Fri Oct  8 17:04:37 2021, 0, 5901, 0, 6, 3630, 0, 7, 0, 0, 0, 0
Fri Oct  8 17:05:38 2021, 0, 5901, 0, 6, 3630, 0, 7, 0, 0, 0, 0
Fri Oct  8 17:06:39 2021, 0, 5901, 0, 6, 3630, 0, 7, 0, 0, 0, 0
Fri Oct  8 17:07:40 2021, 0, 5901, 0, 6, 3630, 0, 7, 0, 0, 0, 0
Fri Oct  8 17:08:41 2021, 0, 5901, 0, 6, 3630, 0, 7, 0, 0, 0, 0
Fri Oct  8 17:09:41 2021, 0, 5901, 0, 6, 3630, 0, 7, 0, 0, 0, 0
Fri Oct  8 17:10:42 2021, 0, 5901, 0, 6, 3630, 0, 7, 0, 0, 0, 0
Fri Oct  8 17:11:43 2021, 0, 5901, 0, 6, 3630, 0, 7, 0, 0, 0, 0
Fri Oct  8 17:12:44 2021, 0, 5901, 0, 6, 3630, 0, 7, 0, 0, 0, 0
Fri Oct  8 17:13:45 2021, 0, 5901, 0, 6, 3630, 0, 7, 0, 0, 0, 0
Fri Oct  8 17:14:45 2021, 0, 5901, 0, 6, 3630, 0, 7, 0, 0, 0, 0
Fri Oct  8 17:15:46 2021, 0, 5901, 0, 6, 3630, 0, 7, 0, 0, 0, 0
Fri Oct  8 17:16:47 2021, 0, 5901, 0, 6, 3630, 0, 7, 0, 0, 0, 0
Fri Oct  8 17:17:48 2021, 0, 5901, 0, 6, 3630, 0, 7, 0, 0, 0, 0
Fri Oct  8 17:18:49 2021, 0, 5901, 0, 6, 3630, 0, 7, 0, 0, 0, 0
Fri Oct  8 17:19:49 2021, 0, 5901, 0, 6, 3630, 0, 7, 0, 0, 0, 0
Fri Oct  8 17:20:50 2021, 0, 5901, 0, 6, 3630, 0, 7, 0, 0, 0, 0
Fri Oct  8 17:21:51 2021, 0, 5901, 0, 6, 3630, 0, 7, 0, 0, 0, 0
Fri Oct  8 17:22:52 2021, 0, 5901, 0, 6, 3630, 0, 7, 0, 0, 0, 0
Fri Oct  8 17:23:53 2021, 0, 5901, 0, 6, 3630, 0, 7, 0, 0, 0, 0
Fri Oct  8 17:24:53 2021, 0, 5901, 0, 6, 3630, 0, 7, 0, 0, 0, 0
Fri Oct  8 17:25:54 2021, 0, 5901, 0, 6, 3630, 0, 7, 0, 0, 0, 0
Fri Oct  8 17:26:55 2021, 0, 5901, 0, 6, 3630, 0, 7, 0, 0, 0, 0
Fri Oct  8 17:27:56 2021, 0, 5901, 0, 6, 3630, 0, 7, 0, 0, 0, 0
Fri Oct  8 17:28:57 2021, 0, 5901, 0, 6, 3630, 0, 7, 0, 0, 0, 0
Fri Oct  8 17:29:57 2021, 0, 5901, 0, 6, 3630, 0, 7, 0, 0, 0, 0
Fri Oct  8 17:30:58 2021, 0, 5901, 0, 6, 3630, 0, 7, 0, 0, 0, 0
Fri Oct  8 17:31:59 2021, 0, 5901, 0, 6, 3630, 0, 7, 0, 0, 0, 0
Fri Oct  8 17:33:00 2021, 0, 5901, 0, 6, 3630, 0, 7, 0, 0, 0, 0
Fri Oct  8 17:34:01 2021, 0, 5901, 0, 6, 3630, 0, 7, 0, 0, 0, 0
Fri Oct  8 17:35:01 2021, 0, 5901, 0, 6, 3630, 0, 7, 0, 0, 0, 0
Fri Oct  8 17:36:02 2021, 0, 5901, 0, 6, 3630, 0, 7, 0, 0, 0, 0
Fri Oct  8 17:37:03 2021, 0, 5901, 0, 6, 3630, 0, 7, 0, 0, 0, 0
Fri Oct  8 17:38:04 2021, 0, 5901, 0, 6, 3630, 0, 7, 0, 0, 0, 0
Fri Oct  8 17:39:05 2021, 0, 5901, 0, 6, 3630, 0, 7, 0, 0, 0, 0
Fri Oct  8 17:40:05 2021, 0, 5901, 0, 6, 3630, 0, 7, 0, 0, 0, 0
Fri Oct  8 17:41:06 2021, 0, 5901, 0, 6, 3630, 0, 7, 0, 0, 0, 0
Fri Oct  8 17:42:07 2021, 0, 5901, 0, 6, 3630, 0, 7, 0, 0, 0, 0
Fri Oct  8 17:43:08 2021, 0, 5901, 0, 6, 3630, 0, 7, 0, 0, 0, 0
Fri Oct  8 17:44:09 2021, 0, 5901, 0, 6, 3630, 0, 7, 0, 0, 10.3226, 0
Fri Oct  8 17:45:09 2021, 0, 5901, 0, 6, 3630, 0, 7, 0, 0, 0, 0
Fri Oct  8 17:46:10 2021, 0, 5901, 0, 6, 3630, 0, 7, 0, 0, 0, 0
Fri Oct  8 17:47:11 2021, 0, 5901, 0, 6, 3630, 0, 7, 0, 0, 0, 0
Fri Oct  8 17:48:12 2021, 0, 5901, 0, 6, 3630, 0, 7, 0, 0, 0, 0
Fri Oct  8 17:49:13 2021, 0, 5901, 0, 6, 3630, 0, 7, 0, 0, 0, 0
Fri Oct  8 17:50:13 2021, 0, 5901, 0, 6, 3630, 0, 7, 0, 0, 0, 0
Fri Oct  8 17:51:14 2021, 0, 5901, 0, 6, 3630, 0, 7, 0, 0, 0, 0
Fri Oct  8 17:52:15 2021, 0, 5901, 0, 6, 3630, 0, 7, 0, 0, 0, 0
Fri Oct  8 17:53:16 2021, 0, 5901, 0, 6, 3630, 0, 7, 0, 0, 0, 0
Fri Oct  8 17:54:17 2021, 0, 5901, 0, 6, 3630, 0, 7, 0, 0, 0, 0
Fri Oct  8 17:55:17 2021, 0, 5901, 0, 6, 3630, 0, 7, 0, 0, 0, 0
Fri Oct  8 17:56:18 2021, 0, 5901, 0, 6, 3630, 0, 7, 0, 0, 0, 0
Fri Oct  8 17:57:19 2021, 0, 5901, 0, 6, 3630, 0, 7, 0, 0, 0, 0
Fri Oct  8 17:58:20 2021, 0, 5901, 0, 6, 3630, 0, 7, 0, 0, 0, 0
Fri Oct  8 17:59:20 2021, 0, 5901, 0, 6, 3630, 0, 7, 0, 0, 0, 0
Fri Oct  8 18:00:21 2021, 0, 5901, 0, 6, 3630, 0, 7, 0, 0, 0, 0
Fri Oct  8 18:01:22 2021, 0, 5901, 0, 6, 3630, 0, 7, 0, 0, 0, 0
Fri Oct  8 18:02:23 2021, 0, 5901, 0, 6, 3630, 0, 7, 0, 0, 0, 0
Fri Oct  8 18:03:24 2021, 0, 5901, 0, 6, 3630, 0, 7, 0, 0, 0, 0
Fri Oct  8 18:04:24 2021, 0, 5901, 0, 6, 3630, 0, 7, 0, 0, 0, 0
Fri Oct  8 18:05:25 2021, 0, 5901, 0, 6, 3630, 0, 7, 0, 0, 0, 0
Fri Oct  8 18:06:26 2021, 0, 5901, 0, 6, 3630, 0, 7, 0, 0, 0, 0
Fri Oct  8 18:07:27 2021, 0, 5901, 0, 6, 3630, 0, 7, 0, 0, 0, 0
Fri Oct  8 18:08:28 2021, 0, 5901, 0, 6, 3630, 0, 7, 0, 0, 0, 0
Fri Oct  8 18:09:28 2021, 0, 5901, 0, 6, 3630, 0, 7, 0, 0, 0, 0
Fri Oct  8 18:10:29 2021, 0, 5901, 0, 6, 3630, 0, 7, 0, 0, 0, 0
Fri Oct  8 18:11:30 2021, 0, 5901, 0, 6, 3630, 0, 7, 0, 0, 0, 0
Fri Oct  8 18:12:31 2021, 0, 5901, 0, 6, 3630, 0, 7, 0, 0, 0, 0
Fri Oct  8 18:13:32 2021, 0, 5901, 0, 6, 3630, 0, 7, 0, 0, 0, 0
Fri Oct  8 18:14:32 2021, 0, 5901, 0, 6, 3630, 0, 7, 0, 0, 0, 0
Fri Oct  8 18:15:33 2021, 0, 5901, 0, 6, 3630, 0, 7, 0, 0, 0, 0
Fri Oct  8 18:16:34 2021, 0, 5901, 0, 6, 3630, 0, 7, 0, 0, 0, 0
Fri Oct  8 18:17:35 2021, 0, 5901, 0, 6, 3630, 0, 7, 0, 0, 0, 0
Fri Oct  8 18:18:36 2021, 0, 5901, 0, 6, 3630, 0, 7, 0, 0, 0, 0
Fri Oct  8 18:19:36 2021, 0, 5901, 0, 6, 3630, 0, 7, 0, 0, 0, 0
Fri Oct  8 18:20:37 2021, 0, 5901, 0, 6, 3630, 0, 7, 0, 0, 0, 0
Fri Oct  8 18:21:38 2021, 0, 5901, 0, 6, 3630, 0, 7, 0, 0, 0, 0
Fri Oct  8 18:22:39 2021, 0, 5901, 0, 6, 3630, 0, 7, 0, 0, 0, 0
Fri Oct  8 18:23:40 2021, 0, 5901, 0, 6, 3630, 0, 7, 0, 0, 0, 0
Fri Oct  8 18:24:40 2021, 0, 5901, 0, 6, 3630, 0, 7, 0, 0, 0, 0
Fri Oct  8 18:25:41 2021, 0, 5901, 0, 6, 3630, 0, 7, 0, 0, 0, 0
Fri Oct  8 18:26:42 2021, 0, 5901, 0, 6, 3630, 0, 7, 0, 0, 0, 0
Fri Oct  8 18:27:43 2021, 0, 5901, 0, 6, 3630, 0, 7, 0, 0, 0, 0
Fri Oct  8 18:28:44 2021, 0, 5901, 0, 6, 3630, 0, 7, 0, 0, 0, 0
Fri Oct  8 18:29:44 2021, 0, 5901, 0, 6, 3630, 0, 7, 0, 0, 0, 0
Fri Oct  8 18:30:45 2021, 0, 5901, 0, 6, 3630, 0, 7, 0, 0, 0, 0
Fri Oct  8 18:31:46 2021, 0, 5901, 0, 6, 3630, 0, 7, 0, 0, 0, 0
Fri Oct  8 18:32:47 2021, 0, 5901, 0, 6, 3630, 0, 7, 0, 0, 0, 0
Fri Oct  8 18:33:48 2021, 0, 5901, 0, 6, 3630, 0, 7, 0, 0, 0, 0
Fri Oct  8 18:34:48 2021, 0, 5901, 0, 6, 3630, 0, 7, 0, 0, 0, 0
Fri Oct  8 18:35:49 2021, 0, 5901, 0, 6, 3630, 0, 7, 0, 0, 0, 0
Fri Oct  8 18:36:50 2021, 0, 5901, 0, 6, 3630, 0, 7, 0, 0, 0, 0
Fri Oct  8 18:37:51 2021, 0, 5901, 0, 6, 3630, 0, 7, 0, 0, 0, 0
Fri Oct  8 18:38:52 2021, 0, 5901, 0, 6, 3630, 0, 7, 0, 0, 0, 0
Fri Oct  8 18:39:52 2021, 0, 5901, 0, 6, 3630, 0, 7, 0, 0, 0, 0
Fri Oct  8 18:40:53 2021, 0, 5901, 0, 6, 3630, 0, 7, 0, 0, 0, 0
Fri Oct  8 18:41:54 2021, 0, 5901, 0, 6, 3630, 0, 7, 0, 0, 0, 0
Fri Oct  8 18:42:55 2021, 0, 5901, 0, 6, 3630, 0, 7, 0, 0, 0, 0
Fri Oct  8 18:43:56 2021, 0, 5901, 0, 6, 3630, 0, 7, 0, 0, 0, 0
Fri Oct  8 18:44:56 2021, 0, 5901, 0, 6, 3630, 0, 7, 0, 0, 0, 0
Fri Oct  8 18:45:57 2021, 0, 5901, 0, 6, 3630, 0, 7, 0, 0, 0, 0
Fri Oct  8 18:46:58 2021, 0, 5901, 0, 6, 3630, 0, 7, 0, 0, 0, 0
Fri Oct  8 18:47:59 2021, 0, 5901, 0, 6, 3630, 0, 7, 0, 0, 0, 0
Fri Oct  8 18:49:00 2021, 0, 5901, 0, 6, 3630, 0, 7, 0, 0, 0, 0
Fri Oct  8 18:50:00 2021, 0, 5901, 0, 6, 3630, 0, 7, 0, 0, 0, 0
Fri Oct  8 18:51:01 2021, 0, 5901, 0, 6, 3630, 0, 7, 0, 0, 0, 0
Fri Oct  8 18:52:02 2021, 0, 5901, 0, 6, 3630, 0, 7, 0, 0, 0, 0
Fri Oct  8 18:53:03 2021, 0, 5901, 0, 6, 3630, 0, 7, 0, 0, 0, 0
Fri Oct  8 18:54:04 2021, 0, 5901, 0, 6, 3630, 0, 7, 0, 0, 0, 0
Fri Oct  8 18:55:04 2021, 0, 5901, 0, 6, 3630, 0, 7, 0, 0, 0, 0
Fri Oct  8 18:56:05 2021, 0, 5901, 0, 6, 3630, 0, 7, 0, 0, 0, 0
Fri Oct  8 18:57:06 2021, 0, 5901, 0, 6, 3630, 0, 7, 0, 0, 0, 0
Fri Oct  8 18:58:07 2021, 0, 5901, 0, 6, 3630, 0, 7, 0, 0, 0, 0
Fri Oct  8 18:59:08 2021, 0, 5901, 0, 6, 3630, 0, 7, 0, 0, 0, 0
Fri Oct  8 19:00:08 2021, 0, 5901, 0, 6, 3630, 0, 7, 0, 0, 0, 0
Fri Oct  8 19:01:09 2021, 0, 5901, 0, 6, 3630, 0, 7, 0, 0, 0, 0
Fri Oct  8 19:02:10 2021, 0, 5901, 0, 6, 3630, 0, 7, 0, 0, 0, 0
Fri Oct  8 19:03:11 2021, 0, 5901, 0, 6, 3630, 0, 7, 0, 0, 0, 0
Fri Oct  8 19:04:12 2021, 0, 5901, 0, 6, 3630, 0, 7, 0, 0, 0, 0
Fri Oct  8 19:05:12 2021, 0, 5901, 0, 6, 3630, 0, 7, 0, 0, 0, 0
Fri Oct  8 19:06:13 2021, 0, 5901, 0, 6, 3630, 0, 7, 0, 0, 0, 0
Fri Oct  8 19:07:14 2021, 0, 5901, 0, 6, 3630, 0, 7, 0, 0, 0, 0
Fri Oct  8 19:08:15 2021, 0, 5901, 0, 6, 3630, 0, 7, 0, 0, 0, 0
Fri Oct  8 19:09:16 2021, 0, 5901, 0, 6, 3630, 0, 7, 0, 0, 0, 0
Fri Oct  8 19:10:16 2021, 0, 5901, 0, 6, 3630, 0, 7, 0, 0, 0, 0
Fri Oct  8 19:11:17 2021, 0, 5901, 0, 6, 3630, 0, 7, 0, 0, 0, 0
Fri Oct  8 19:12:18 2021, 0, 5901, 0, 6, 3630, 0, 7, 0, 0, 0, 0
Fri Oct  8 19:13:19 2021, 0, 5901, 0, 6, 3630, 0, 7, 0, 0, 0, 0
Fri Oct  8 19:14:20 2021, 0, 5901, 0, 6, 3630, 0, 7, 0, 0, 0, 0
Fri Oct  8 19:15:20 2021, 0, 5901, 0, 6, 3630, 0, 7, 0, 0, 0, 0
Fri Oct  8 19:16:21 2021, 0, 5901, 0, 6, 3630, 0, 7, 0, 0, 0, 0
Fri Oct  8 19:17:22 2021, 0, 5901, 0, 6, 3630, 0, 7, 0, 0, 0, 0
Fri Oct  8 19:18:23 2021, 0, 5901, 0, 6, 3630, 0, 7, 0, 0, 0, 0
Fri Oct  8 19:19:24 2021, 0, 5901, 0, 6, 3630, 0, 7, 0, 0, 0, 0
Fri Oct  8 19:20:24 2021, 0, 5901, 0, 6, 3630, 0, 7, 0, 0, 0, 0
Fri Oct  8 19:21:25 2021, 0, 5901, 0, 6, 3630, 0, 7, 0, 0, 0, 0
Fri Oct  8 19:22:26 2021, 0, 5901, 0, 6, 3630, 0, 7, 0, 0, 0, 0
Fri Oct  8 19:23:27 2021, 0, 5901, 0, 6, 3630, 0, 7, 0, 0, 0, 0
Fri Oct  8 19:24:27 2021, 0, 5901, 0, 6, 3630, 0, 7, 0, 0, 0, 0
Fri Oct  8 19:25:28 2021, 0, 5901, 0, 6, 3630, 0, 7, 0, 0, 0, 0
Fri Oct  8 19:26:29 2021, 0, 5901, 0, 6, 3630, 0, 7, 0, 0, 0, 0
Fri Oct  8 19:27:30 2021, 0, 5901, 0, 6, 3630, 0, 7, 0, 0, 0, 0
Fri Oct  8 19:28:31 2021, 0, 5901, 0, 6, 3630, 0, 7, 0, 0, 0, 0
Fri Oct  8 19:29:31 2021, 0, 5901, 0, 6, 3630, 0, 7, 0, 0, 0, 0
Fri Oct  8 19:30:32 2021, 0, 5901, 0, 6, 3630, 0, 7, 0, 0, 0, 0
Fri Oct  8 19:31:33 2021, 0, 5901, 0, 6, 3630, 0, 7, 0, 0, 0, 0
Fri Oct  8 19:32:34 2021, 0, 5901, 0, 6, 3630, 0, 7, 0, 0, 0, 0
Fri Oct  8 19:33:35 2021, 0, 5901, 0, 6, 3630, 0, 7, 0, 0, 0, 0
Fri Oct  8 19:34:35 2021, 0, 5901, 0, 6, 3630, 0, 7, 0, 0, 0, 0
Fri Oct  8 19:35:36 2021, 0, 5901, 0, 6, 3630, 0, 7, 0, 0, 0, 0
Fri Oct  8 19:36:37 2021, 0, 5901, 0, 6, 3630, 0, 7, 0, 0, 0, 0
Fri Oct  8 19:37:38 2021, 0, 5901, 0, 6, 3630, 0, 7, 0, 0, 0, 0
Fri Oct  8 19:38:39 2021, 0, 5901, 0, 6, 3630, 0, 7, 0, 0, 10.3226, 0
Fri Oct  8 19:39:39 2021, 0, 5901, 0, 6, 3630, 0, 7, 0, 0, 0, 0
Fri Oct  8 19:40:40 2021, 0, 5901, 0, 6, 3630, 0, 7, 0, 0, 0, 0
Fri Oct  8 19:41:41 2021, 0, 5901, 0, 6, 3630, 0, 7, 0, 0, 0, 0
Fri Oct  8 19:42:42 2021, 0, 5901, 0, 6, 3630, 0, 7, 0, 0, 0, 0
Fri Oct  8 19:43:43 2021, 0, 5901, 0, 6, 3630, 0, 7, 0, 0, 0, 0
Fri Oct  8 19:44:43 2021, 0, 5901, 0, 6, 3630, 0, 7, 0, 0, 0, 0
Fri Oct  8 19:45:44 2021, 0, 5901, 0, 6, 3630, 0, 7, 0, 0, 0, 0
Fri Oct  8 19:46:45 2021, 0, 5901, 0, 6, 3630, 0, 7, 0, 0, 0, 0
Fri Oct  8 19:47:46 2021, 0, 5901, 0, 6, 3630, 0, 7, 0, 0, 0, 0
Fri Oct  8 19:48:47 2021, 0, 5901, 0, 6, 3630, 0, 7, 0, 0, 0, 0
Fri Oct  8 19:49:47 2021, 0, 5901, 0, 6, 3630, 0, 7, 0, 0, 0, 0
Fri Oct  8 19:50:48 2021, 0, 5901, 0, 6, 3630, 0, 7, 0, 0, 0, 0
Fri Oct  8 19:51:49 2021, 0, 5901, 0, 6, 3630, 0, 7, 0, 0, 0, 0
Fri Oct  8 19:52:50 2021, 0, 5901, 0, 6, 3630, 0, 7, 0, 0, 0, 0
Fri Oct  8 19:53:51 2021, 0, 5901, 0, 6, 3630, 0, 7, 0, 0, 0, 0
Fri Oct  8 19:54:51 2021, 0, 5901, 0, 6, 3630, 0, 7, 0, 0, 0, 0
Fri Oct  8 19:55:52 2021, 0, 5901, 0, 6, 3630, 0, 7, 0, 0, 0, 0
Fri Oct  8 19:56:53 2021, 0, 5901, 0, 6, 3630, 0, 7, 0, 0, 0, 0
Fri Oct  8 19:57:54 2021, 0, 5901, 0, 6, 3630, 0, 7, 0, 0, 0, 0
Fri Oct  8 19:58:55 2021, 0, 5901, 0, 6, 3630, 0, 7, 0, 0, 0, 0
Fri Oct  8 19:59:55 2021, 0, 5901, 0, 6, 3630, 0, 7, 0, 0, 0, 0
Fri Oct  8 20:00:56 2021, 0, 5901, 0, 6, 3630, 0, 7, 0, 0, 0, 0
Fri Oct  8 20:01:57 2021, 0, 5901, 0, 6, 3630, 0, 7, 0, 0, 0, 0
Fri Oct  8 20:02:58 2021, 0, 5901, 0, 6, 3630, 0, 7, 0, 0, 0, 0
Fri Oct  8 20:03:59 2021, 0, 5901, 0, 6, 3630, 0, 7, 0, 0, 0, 0
Fri Oct  8 20:04:59 2021, 0, 5901, 0, 6, 3630, 0, 7, 0, 0, 0, 0
Fri Oct  8 20:06:00 2021, 0, 5901, 0, 6, 3630, 0, 7, 0, 0, 0, 0
Fri Oct  8 20:07:01 2021, 0, 5901, 0, 6, 3630, 0, 7, 0, 0, 0, 0
Fri Oct  8 20:08:02 2021, 0, 5901, 0, 6, 3630, 0, 7, 0, 0, 0, 0
Fri Oct  8 20:09:03 2021, 0, 5901, 0, 6, 3630, 0, 7, 0, 0, 0, 0
Fri Oct  8 20:10:03 2021, 0, 5901, 0, 6, 3630, 0, 7, 0, 0, 0, 0
Fri Oct  8 20:11:04 2021, 0, 5901, 0, 6, 3630, 0, 7, 0, 0, 0, 0
Fri Oct  8 20:12:05 2021, 0, 5901, 0, 6, 3630, 0, 7, 0, 0, 10.3226, 0
Fri Oct  8 20:13:06 2021, 0, 5901, 0, 6, 3630, 0, 7, 0, 0, 0, 0
Fri Oct  8 20:14:07 2021, 0, 5901, 0, 6, 3630, 0, 7, 0, 0, 0, 0
Fri Oct  8 20:15:07 2021, 0, 5901, 0, 6, 3630, 0, 7, 0, 0, 0, 0
Fri Oct  8 20:16:08 2021, 0, 5901, 0, 6, 3630, 0, 7, 0, 0, 0, 0
Fri Oct  8 20:17:09 2021, 0, 5901, 0, 6, 3630, 0, 7, 0, 0, 0, 0
Fri Oct  8 20:18:10 2021, 0, 5901, 0, 6, 3630, 0, 7, 0, 0, 0, 0
Fri Oct  8 20:19:11 2021, 0, 5901, 0, 6, 3630, 0, 7, 0, 0, 0, 0
Fri Oct  8 20:20:11 2021, 0, 5901, 0, 6, 3630, 0, 7, 0, 0, 0, 0
Fri Oct  8 20:21:12 2021, 0, 5901, 0, 6, 3630, 0, 7, 0, 0, 0, 0
Fri Oct  8 20:22:13 2021, 0, 5901, 0, 6, 3630, 0, 7, 0, 0, 0, 0
Fri Oct  8 20:23:14 2021, 0, 5901, 0, 6, 3630, 0, 7, 0, 0, 0, 0
Fri Oct  8 20:24:15 2021, 0, 5901, 0, 6, 3630, 0, 7, 0, 0, 0, 0
Fri Oct  8 20:25:15 2021, 0, 5901, 0, 6, 3630, 0, 7, 0, 0, 0, 0
Fri Oct  8 20:26:16 2021, 0, 5901, 0, 6, 3630, 0, 7, 0, 0, 0, 0
Fri Oct  8 20:27:17 2021, 0, 5901, 0, 6, 3630, 0, 7, 0, 0, 0, 0
Fri Oct  8 20:28:18 2021, 0, 5901, 0, 6, 3630, 0, 7, 0, 0, 0, 0
Fri Oct  8 20:29:19 2021, 0, 5901, 0, 6, 3630, 0, 7, 0, 0, 0, 0
Fri Oct  8 20:30:19 2021, 0, 5901, 0, 6, 3630, 0, 7, 0, 0, 0, 0
Fri Oct  8 20:31:20 2021, 0, 5901, 0, 6, 3630, 0, 7, 0, 0, 0, 0
Fri Oct  8 20:32:21 2021, 0, 5901, 0, 6, 3630, 0, 7, 0, 0, 0, 0
Fri Oct  8 20:33:22 2021, 0, 5901, 0, 6, 3630, 0, 7, 0, 0, 0, 0
Fri Oct  8 20:34:23 2021, 0, 5901, 0, 6, 3630, 0, 7, 0, 0, 0, 0
Fri Oct  8 20:35:23 2021, 0, 5901, 0, 6, 3630, 0, 7, 0, 0, 0, 0
Fri Oct  8 20:36:24 2021, 0, 5901, 0, 6, 3630, 0, 7, 0, 0, 0, 0
Fri Oct  8 20:37:25 2021, 0, 5901, 0, 6, 3630, 0, 7, 0, 0, 0, 0
Fri Oct  8 20:38:26 2021, 0, 5901, 0, 6, 3630, 0, 7, 0, 0, 0, 0
Fri Oct  8 20:39:27 2021, 0, 5901, 0, 6, 3630, 0, 7, 0, 0, 0, 0
Fri Oct  8 20:40:27 2021, 0, 5901, 0, 6, 3630, 0, 7, 0, 0, 0, 0
Fri Oct  8 20:41:28 2021, 0, 5901, 0, 6, 3630, 0, 7, 0, 0, 0, 0
Fri Oct  8 20:42:29 2021, 0, 5901, 0, 6, 3630, 0, 7, 0, 0, 0, 0
Fri Oct  8 20:43:30 2021, 0, 5901, 0, 6, 3630, 0, 7, 0, 0, 0, 0
Fri Oct  8 20:44:30 2021, 0, 5901, 0, 6, 3630, 0, 7, 0, 0, 0, 0
Fri Oct  8 20:45:31 2021, 0, 5901, 0, 6, 3630, 0, 7, 0, 0, 0, 0
Fri Oct  8 20:46:32 2021, 0, 5901, 0, 6, 3630, 0, 7, 0, 0, 0, 0
Fri Oct  8 20:47:33 2021, 0, 5901, 0, 6, 3630, 0, 7, 0, 0, 0, 0
Fri Oct  8 20:48:34 2021, 0, 5901, 0, 6, 3630, 0, 7, 0, 0, 0, 0
Fri Oct  8 20:49:34 2021, 0, 5901, 0, 6, 3630, 0, 7, 0, 0, 0, 0
Fri Oct  8 20:50:35 2021, 0, 5901, 0, 6, 3630, 0, 7, 0, 0, 0, 0
Fri Oct  8 20:51:36 2021, 0, 5901, 0, 6, 3630, 0, 7, 0, 0, 0, 0
Fri Oct  8 20:52:37 2021, 0, 5901, 0, 6, 3630, 0, 7, 0, 0, 0, 0
Fri Oct  8 20:53:38 2021, 0, 5901, 0, 6, 3630, 0, 7, 0, 0, 0, 0
Fri Oct  8 20:54:38 2021, 0, 5901, 0, 6, 3630, 0, 7, 0, 0, 0, 0
Fri Oct  8 20:55:39 2021, 0, 5901, 0, 6, 3630, 0, 7, 0, 0, 0, 0
Fri Oct  8 20:56:40 2021, 0, 5901, 0, 6, 3630, 0, 7, 0, 0, 0, 0
Fri Oct  8 20:57:41 2021, 0, 5901, 0, 6, 3630, 0, 7, 0, 0, 0, 0
Fri Oct  8 20:58:42 2021, 0, 5901, 0, 6, 3630, 0, 7, 0, 0, 0, 0
Fri Oct  8 20:59:42 2021, 0, 5901, 0, 6, 3630, 0, 7, 0, 0, 0, 0
Fri Oct  8 21:00:43 2021, 0, 5901, 0, 6, 3630, 0, 7, 0, 0, 0, 0
Fri Oct  8 21:01:44 2021, 0, 5901, 0, 6, 3630, 0, 7, 0, 0, 0, 0
Fri Oct  8 21:02:45 2021, 0, 5901, 0, 6, 3630, 0, 7, 0, 0, 0, 0
Fri Oct  8 21:03:46 2021, 0, 5901, 0, 6, 3630, 0, 7, 0, 0, 0, 0
Fri Oct  8 21:04:46 2021, 0, 5901, 0, 6, 3630, 0, 7, 0, 0, 0, 0
Fri Oct  8 21:05:47 2021, 0, 5901, 0, 6, 3630, 0, 7, 0, 0, 0, 0
Fri Oct  8 21:06:48 2021, 0, 5901, 0, 6, 3630, 0, 7, 0, 0, 0, 0
Fri Oct  8 21:07:49 2021, 0, 5901, 0, 6, 3630, 0, 7, 0, 0, 0, 0
Fri Oct  8 21:08:50 2021, 0, 5901, 0, 6, 3630, 0, 7, 0, 0, 0, 0
Fri Oct  8 21:09:50 2021, 0, 5901, 0, 6, 3630, 0, 7, 0, 0, 0, 0
Fri Oct  8 21:10:51 2021, 0, 5901, 0, 6, 3630, 0, 7, 0, 0, 0, 0
Fri Oct  8 21:11:52 2021, 0, 5901, 0, 6, 3630, 0, 7, 0, 0, 0, 0
Fri Oct  8 21:12:53 2021, 0, 5901, 0, 6, 3630, 0, 7, 0, 0, 0, 0
Fri Oct  8 21:13:54 2021, 0, 5901, 0, 6, 3630, 0, 7, 0, 0, 0, 0
Fri Oct  8 21:14:54 2021, 0, 5901, 0, 6, 3630, 0, 7, 0, 0, 0, 0
Fri Oct  8 21:15:55 2021, 0, 5901, 0, 6, 3630, 0, 7, 0, 0, 0, 0
Fri Oct  8 21:16:56 2021, 0, 5901, 0, 6, 3630, 0, 7, 0, 0, 0, 0
Fri Oct  8 21:17:57 2021, 0, 5901, 0, 6, 3630, 0, 7, 0, 0, 0, 0
Fri Oct  8 21:18:58 2021, 0, 5901, 0, 6, 3630, 0, 7, 0, 0, 0, 0
Fri Oct  8 21:19:58 2021, 0, 5901, 0, 6, 3630, 0, 7, 0, 0, 0, 0
Fri Oct  8 21:20:59 2021, 0, 5901, 0, 6, 3630, 0, 7, 0, 0, 0, 0
Fri Oct  8 21:22:00 2021, 0, 5901, 0, 6, 3630, 0, 7, 0, 0, 0, 0
Fri Oct  8 21:23:01 2021, 0, 5901, 0, 6, 3630, 0, 7, 0, 0, 0, 0
Fri Oct  8 21:24:02 2021, 0, 5901, 0, 6, 3630, 0, 7, 0, 0, 0, 0
Fri Oct  8 21:25:02 2021, 0, 5901, 0, 6, 3630, 0, 7, 0, 0, 0, 0
Fri Oct  8 21:26:03 2021, 0, 5901, 0, 6, 3630, 0, 7, 0, 0, 0, 0
Fri Oct  8 21:27:04 2021, 0, 5901, 0, 6, 3630, 0, 7, 0, 0, 0, 0
Fri Oct  8 21:28:05 2021, 0, 5901, 0, 6, 3630, 0, 7, 0, 0, 0, 0
Fri Oct  8 21:29:06 2021, 0, 5901, 0, 6, 3630, 0, 7, 0, 0, 0, 0
Fri Oct  8 21:30:06 2021, 0, 5901, 0, 6, 3630, 0, 7, 0, 0, 0, 0
Fri Oct  8 21:31:07 2021, 0, 5901, 0, 6, 3630, 0, 7, 0, 0, 0, 0
Fri Oct  8 21:32:08 2021, 0, 5901, 0, 6, 3630, 0, 7, 0, 0, 0, 0
Fri Oct  8 21:33:09 2021, 0, 5901, 0, 6, 3630, 0, 7, 0, 0, 0, 0
Fri Oct  8 21:34:10 2021, 0, 5901, 0, 6, 3630, 0, 7, 0, 0, 0, 0
Fri Oct  8 21:35:10 2021, 0, 5901, 0, 6, 3630, 0, 7, 0, 0, 0, 0
Fri Oct  8 21:36:11 2021, 0, 5901, 0, 6, 3630, 0, 7, 0, 0, 0, 0
Fri Oct  8 21:37:12 2021, 0, 5901, 0, 6, 3630, 0, 7, 0, 0, 0, 0
Fri Oct  8 21:38:13 2021, 0, 5901, 0, 6, 3630, 0, 7, 0, 0, 0, 0
Fri Oct  8 21:39:14 2021, 0, 5901, 0, 6, 3630, 0, 7, 0, 0, 0, 0
Fri Oct  8 21:40:14 2021, 0, 5901, 0, 6, 3630, 0, 7, 0, 0, 0, 0
Fri Oct  8 21:41:15 2021, 0, 5901, 0, 6, 3630, 0, 7, 0, 0, 0, 0
Fri Oct  8 21:42:16 2021, 0, 5901, 0, 6, 3630, 0, 7, 0, 0, 0, 0
Fri Oct  8 21:43:17 2021, 0, 5901, 0, 6, 3630, 0, 7, 0, 0, 0, 0
Fri Oct  8 21:44:18 2021, 0, 5901, 0, 6, 3630, 0, 7, 0, 0, 0, 0
Fri Oct  8 21:45:18 2021, 0, 5901, 0, 6, 3630, 0, 7, 0, 0, 0, 0
Fri Oct  8 21:46:19 2021, 0, 5901, 0, 6, 3630, 0, 7, 0, 0, 0, 0
Fri Oct  8 21:47:20 2021, 0, 5901, 0, 6, 3630, 0, 7, 0, 0, 0, 0
Fri Oct  8 21:48:21 2021, 0, 5901, 0, 6, 3630, 0, 7, 0, 0, 0, 0
Fri Oct  8 21:49:22 2021, 0, 5901, 0, 6, 3630, 0, 7, 0, 0, 0, 0
Fri Oct  8 21:50:22 2021, 0, 5901, 0, 6, 3630, 0, 7, 0, 0, 0, 0
Fri Oct  8 21:51:23 2021, 0, 5901, 0, 6, 3630, 0, 7, 0, 0, 0, 0
Fri Oct  8 21:52:24 2021, 0, 5901, 0, 6, 3630, 0, 7, 0, 0, 0, 0
Fri Oct  8 21:53:25 2021, 0, 5901, 0, 6, 3630, 0, 7, 0, 0, 0, 0
Fri Oct  8 21:54:25 2021, 0, 5901, 0, 6, 3630, 0, 7, 0, 0, 0, 0
Fri Oct  8 21:55:26 2021, 0, 5901, 0, 6, 3630, 0, 7, 0, 0, 0, 0
Fri Oct  8 21:56:27 2021, 0, 5901, 0, 6, 3630, 0, 7, 0, 0, 0, 0
Fri Oct  8 21:57:28 2021, 0, 5901, 0, 6, 3630, 0, 7, 0, 0, 0, 0
Fri Oct  8 21:58:29 2021, 0, 5901, 0, 6, 3630, 0, 7, 0, 0, 0, 0
Fri Oct  8 21:59:29 2021, 0, 5901, 0, 6, 3630, 0, 7, 0, 0, 0, 0
Fri Oct  8 22:00:30 2021, 0, 5901, 0, 6, 3630, 0, 7, 0, 0, 0, 0
Fri Oct  8 22:01:31 2021, 0, 5901, 0, 6, 3630, 0, 7, 0, 0, 0, 0
Fri Oct  8 22:02:32 2021, 0, 5901, 0, 6, 3630, 0, 7, 0, 0, 0, 0
Fri Oct  8 22:03:33 2021, 0, 5901, 0, 6, 3630, 0, 7, 0, 0, 0, 0
Fri Oct  8 22:04:33 2021, 0, 5901, 0, 6, 3630, 0, 7, 0, 0, 0, 0
Fri Oct  8 22:05:34 2021, 0, 5901, 0, 6, 3630, 0, 7, 0, 0, 0, 0
Fri Oct  8 22:06:35 2021, 0, 5901, 0, 6, 3630, 0, 7, 0, 0, 0, 0
Fri Oct  8 22:07:36 2021, 0, 5901, 0, 6, 3630, 0, 7, 0, 0, 0, 0
Fri Oct  8 22:08:37 2021, 0, 5901, 0, 6, 3630, 0, 7, 0, 0, 0, 0
Fri Oct  8 22:09:37 2021, 0, 5901, 0, 6, 3630, 0, 7, 0, 0, 0, 0
Fri Oct  8 22:10:38 2021, 0, 5901, 0, 6, 3630, 0, 7, 0, 0, 0, 0
Fri Oct  8 22:11:39 2021, 0, 5901, 0, 6, 3630, 0, 7, 0, 0, 0, 0
Fri Oct  8 22:12:40 2021, 0, 5901, 0, 6, 3630, 0, 7, 150, 0, 0, 0
Fri Oct  8 22:13:41 2021, 0, 5901, 0, 6, 3630, 0, 7, 0, 0, 0, 0
Fri Oct  8 22:14:41 2021, 0, 5901, 0, 6, 3630, 0, 7, 0, 0, 0, 0
Fri Oct  8 22:15:42 2021, 0, 5901, 0, 6, 3630, 0, 7, 150, 0, 0, 0
Fri Oct  8 22:16:43 2021, 0, 5901, 0, 6, 3630, 0, 7, 0, 0, 0, 0
Fri Oct  8 22:17:44 2021, 0, 5901, 0, 6, 3630, 0, 7, 150, 0, 0, 0
Fri Oct  8 22:18:45 2021, 0, 5901, 0, 6, 3630, 0, 7, 0, 0, 0, 0
Fri Oct  8 22:19:45 2021, 0, 5901, 0, 6, 3630, 0, 7, 150, 0, 0, 0
Fri Oct  8 22:20:46 2021, 0, 5901, 0, 6, 3630, 0, 7, 150, 0, 0, 0
Fri Oct  8 22:21:47 2021, 0, 5901, 0, 6, 3630, 0, 7, 150, 0, 0, 0
Fri Oct  8 22:22:48 2021, 0, 5901, 0, 6, 3630, 0, 7, 0, 0, 0, 0
Fri Oct  8 22:23:49 2021, 0, 5901, 0, 6, 3630, 0, 7, 150, 0, 0, 0
Fri Oct  8 22:24:49 2021, 0, 5901, 0, 6, 3630, 0, 7, 150, 0, 0, 0
Fri Oct  8 22:25:50 2021, 0, 5901, 0, 6, 3630, 0, 7, 150, 0, 0, 0
Fri Oct  8 22:26:51 2021, 0, 5901, 0, 6, 3630, 0, 7, 150, 0, 0, 0
Fri Oct  8 22:27:52 2021, 0, 5901, 0, 6, 3630, 0, 7, 150, 0, 0, 0
Fri Oct  8 22:28:53 2021, 0, 5901, 0, 6, 3630, 0, 7, 150, 0, 0, 0
Fri Oct  8 22:29:53 2021, 0, 5901, 0, 6, 3630, 0, 7, 150, 0, 0, 0
Fri Oct  8 22:30:54 2021, 0, 5901, 0, 6, 3630, 0, 7, 150, 0, 0, 0
Fri Oct  8 22:31:55 2021, 0, 5901, 0, 6, 3630, 0, 7, 150, 0, 0, 0
Fri Oct  8 22:32:56 2021, 0, 5901, 0, 6, 3630, 0, 7, 150, 0, 0, 0
Fri Oct  8 22:33:57 2021, 0, 5901, 0, 6, 3630, 0, 7, 150, 0, 0, 0
Fri Oct  8 22:34:57 2021, 0, 5901, 0, 6, 3630, 0, 7, 150, 0, 0, 0
Fri Oct  8 22:35:58 2021, 0, 5901, 0, 6, 3630, 0, 7, 150, 0, 0, 0
Fri Oct  8 22:36:59 2021, 0, 5901, 0, 6, 3630, 0, 7, 150, 0, 0, 0
Fri Oct  8 22:38:00 2021, 0, 5901, 0, 6, 3630, 0, 7, 150, 0, 0, 0
Fri Oct  8 22:39:01 2021, 0, 5901, 0, 6, 3630, 0, 7, 150, 0, 0, 0
Fri Oct  8 22:40:01 2021, 0, 5901, 0, 6, 3630, 0, 7, 150, 0, 0, 0
Fri Oct  8 22:41:02 2021, 0, 5901, 0, 6, 3630, 0, 7, 150, 0, 0, 0
Fri Oct  8 22:42:03 2021, 0, 5901, 0, 6, 3630, 0, 7, 150, 0, 0, 0
Fri Oct  8 22:43:04 2021, 0, 5901, 0, 6, 3630, 0, 7, 150, 0, 0, 0
Fri Oct  8 22:44:05 2021, 0, 5901, 0, 6, 3630, 0, 7, 150, 0, 0, 0
Fri Oct  8 22:45:05 2021, 0, 5901, 0, 6, 3630, 0, 7, 150, 0, 0, 0
Fri Oct  8 22:46:06 2021, 0, 5901, 0, 6, 3630, 0, 7, 150, 0, 0, 0
Fri Oct  8 22:47:07 2021, 0, 5901, 0, 6, 3630, 0, 7, 150, 0, 0, 0
Fri Oct  8 22:48:08 2021, 0, 5901, 0, 6, 3630, 0, 7, 150, 0, 0, 0
Fri Oct  8 22:49:08 2021, 0, 5901, 0, 6, 3630, 0, 7, 150, 0, 0, 0
Fri Oct  8 22:50:09 2021, 0, 5901, 0, 6, 3630, 0, 7, 150, 0, 0, 0
Fri Oct  8 22:51:10 2021, 0, 5901, 0, 6, 3630, 0, 7, 150, 0, 0, 0
Fri Oct  8 22:52:11 2021, 0, 5901, 0, 6, 3630, 0, 7, 150, 0, 0, 0
Fri Oct  8 22:53:12 2021, 0, 5901, 0, 6, 3630, 0, 7, 150, 0, 0, 0
Fri Oct  8 22:54:12 2021, 0, 5901, 0, 6, 3630, 0, 7, 150, 0, 0, 0
Fri Oct  8 22:55:13 2021, 0, 5901, 0, 6, 3630, 0, 7, 150, 0, 0, 0
Fri Oct  8 22:56:14 2021, 0, 5901, 0, 6, 3630, 0, 7, 150, 0, 0, 0
Fri Oct  8 22:57:15 2021, 0, 5901, 0, 6, 3630, 0, 7, 150, 0, 0, 0
Fri Oct  8 22:58:16 2021, 0, 5901, 0, 6, 3630, 0, 7, 150, 0, 0, 0
Fri Oct  8 22:59:16 2021, 0, 5901, 0, 6, 3630, 0, 7, 150, 0, 0, 0
Fri Oct  8 23:00:17 2021, 0, 5901, 0, 6, 3630, 0, 7, 150, 0, 0, 0
Fri Oct  8 23:01:18 2021, 0, 5901, 0, 6, 3630, 0, 7, 150, 0, 0, 0
Fri Oct  8 23:02:19 2021, 0, 5901, 0, 6, 3630, 0, 7, 150, 0, 0, 0
Fri Oct  8 23:03:20 2021, 0, 5901, 0, 6, 3630, 0, 7, 150, 0, 0, 0
Fri Oct  8 23:04:20 2021, 0, 5901, 0, 6, 3630, 0, 7, 150, 0, 0, 0
Fri Oct  8 23:05:21 2021, 0, 5901, 0, 6, 3630, 0, 7, 150, 0, 0, 0
Fri Oct  8 23:06:22 2021, 0, 5901, 0, 6, 3630, 0, 7, 150, 0, 0, 0
Fri Oct  8 23:07:23 2021, 0, 5901, 0, 6, 3630, 0, 7, 150, 0, 0, 0
Fri Oct  8 23:08:24 2021, 0, 5901, 0, 6, 3630, 0, 7, 150, 0, 0, 0
Fri Oct  8 23:09:24 2021, 0, 5901, 0, 6, 3630, 0, 7, 150, 0, 0, 0
Fri Oct  8 23:10:25 2021, 0, 5901, 0, 6, 3630, 0, 7, 150, 0, 0, 0
Fri Oct  8 23:11:26 2021, 0, 5901, 0, 6, 3630, 0, 7, 150, 0, 0, 0
Fri Oct  8 23:12:27 2021, 0, 5901, 0, 6, 3630, 0, 7, 150, 0, 0, 0
Fri Oct  8 23:13:28 2021, 0, 5901, 0, 6, 3630, 0, 7, 150, 0, 0, 0
Fri Oct  8 23:14:28 2021, 0, 5901, 0, 6, 3630, 0, 7, 150, 0, 0, 0
Fri Oct  8 23:15:29 2021, 0, 5901, 0, 6, 3630, 0, 7, 150, 0, 0, 0
Fri Oct  8 23:16:30 2021, 0, 5901, 0, 6, 3630, 0, 7, 150, 0, 0, 0
Fri Oct  8 23:17:31 2021, 0, 5901, 0, 6, 3630, 0, 7, 150, 0, 0, 0
Fri Oct  8 23:18:32 2021, 0, 5901, 0, 6, 3630, 0, 7, 150, 0, 0, 0
Fri Oct  8 23:19:32 2021, 0, 5901, 0, 6, 3630, 0, 7, 150, 0, 0, 0
Fri Oct  8 23:20:33 2021, 0, 5901, 0, 6, 3630, 0, 7, 150, 0, 0, 0
Fri Oct  8 23:21:34 2021, 0, 5901, 0, 6, 3630, 0, 7, 150, 0, 0, 0
Fri Oct  8 23:22:35 2021, 0, 5901, 0, 6, 3630, 0, 7, 150, 0, 0, 0
Fri Oct  8 23:23:36 2021, 0, 5901, 0, 6, 3630, 0, 7, 150, 0, 0, 0
Fri Oct  8 23:24:36 2021, 0, 5901, 0, 6, 3630, 0, 7, 150, 0, 0, 0
Fri Oct  8 23:25:37 2021, 0, 5901, 0, 6, 3630, 0, 7, 150, 0, 0, 0
Fri Oct  8 23:26:38 2021, 0, 5901, 0, 6, 3630, 0, 7, 150, 0, 0, 0
Fri Oct  8 23:27:39 2021, 0, 5901, 0, 6, 3630, 0, 7, 150, 0, 0, 0
Fri Oct  8 23:28:40 2021, 0, 5901, 0, 6, 3630, 0, 7, 150, 0, 0, 0
Fri Oct  8 23:29:40 2021, 0, 5901, 0, 6, 3630, 0, 7, 150, 0, 0, 0
Fri Oct  8 23:30:41 2021, 0, 5901, 0, 6, 3630, 0, 7, 150, 0, 0, 0
Fri Oct  8 23:31:42 2021, 0, 5901, 0, 6, 3630, 0, 7, 150, 0, 0, 0
Fri Oct  8 23:32:43 2021, 0, 5901, 0, 6, 3630, 0, 7, 150, 0, 0, 0
Fri Oct  8 23:33:44 2021, 0, 5901, 0, 6, 3630, 0, 7, 150, 0, 0, 0
Fri Oct  8 23:34:44 2021, 0, 5901, 0, 6, 3630, 0, 7, 150, 0, 0, 0
Fri Oct  8 23:35:45 2021, 0, 5901, 0, 6, 3630, 0, 7, 150, 0, 0, 0
Fri Oct  8 23:36:46 2021, 0, 5901, 0, 6, 3630, 0, 7, 150, 0, 0, 0
Fri Oct  8 23:37:47 2021, 0, 5901, 0, 6, 3630, 0, 7, 150, 0, 0, 0
Fri Oct  8 23:38:48 2021, 0, 5901, 0, 6, 3630, 0, 7, 150, 0, 0, 0
Fri Oct  8 23:39:48 2021, 0, 5901, 0, 6, 3630, 0, 7, 150, 0, 0, 0
Fri Oct  8 23:40:49 2021, 0, 5901, 0, 6, 3630, 0, 7, 150, 0, 0, 0
Fri Oct  8 23:41:50 2021, 0, 5901, 0, 6, 3630, 0, 7, 150, 0, 0, 0
Fri Oct  8 23:42:51 2021, 0, 5901, 0, 6, 3630, 0, 7, 150, 0, 0, 0
Fri Oct  8 23:43:51 2021, 0, 5901, 0, 6, 3630, 0, 7, 150, 0, 0, 0
Fri Oct  8 23:44:52 2021, 0, 5901, 0, 6, 3630, 0, 7, 150, 0, 0, 0
Fri Oct  8 23:45:53 2021, 0, 5901, 0, 6, 3630, 0, 7, 150, 0, 0, 0
Fri Oct  8 23:46:54 2021, 0, 5901, 0, 6, 3630, 0, 7, 150, 0, 0, 0
Fri Oct  8 23:47:55 2021, 0, 5901, 0, 6, 3630, 0, 7, 150, 0, 0, 0
Fri Oct  8 23:48:55 2021, 0, 5901, 0, 6, 3630, 0, 7, 150, 0, 0, 0
Fri Oct  8 23:49:56 2021, 0, 5901, 0, 6, 3630, 0, 7, 150, 0, 0, 0
Fri Oct  8 23:50:57 2021, 0, 5901, 0, 6, 3630, 0, 7, 150, 0, 0, 0
Fri Oct  8 23:51:58 2021, 0, 5901, 0, 6, 3630, 0, 7, 150, 0, 0, 0
Fri Oct  8 23:52:59 2021, 0, 5901, 0, 6, 3630, 0, 7, 150, 0, 0, 0
Fri Oct  8 23:53:59 2021, 0, 5901, 0, 6, 3630, 0, 7, 150, 0, 0, 0
Fri Oct  8 23:55:00 2021, 0, 5901, 0, 6, 3630, 0, 7, 150, 0, 0, 0
Fri Oct  8 23:56:01 2021, 0, 5901, 0, 6, 3630, 0, 7, 150, 0, 0, 0
Fri Oct  8 23:57:02 2021, 0, 5901, 0, 6, 3630, 0, 7, 150, 0, 0, 0
Fri Oct  8 23:58:03 2021, 0, 5901, 0, 6, 3630, 0, 7, 150, 0, 0, 0
Fri Oct  8 23:59:03 2021, 0, 5901, 0, 6, 3630, 0, 7, 150, 0, 0, 0
